Africa/Johannesburg,LMT,+1:52
Africa/Johannesburg,SAST,+1:30
Africa/Johannesburg,SAST,+3:00
Africa/Johannesburg,SAST,+2:00
Africa/Kigali,LMT,+2:10
Africa/Kigali,CAT,+2:00
Africa/Algiers,LMT,+0:12
Africa/Algiers,PMT,+0:09
Africa/Algiers,WEST,+1:00
Africa/Algiers,WET,+0:00
Africa/Algiers,WET,+0:00
Africa/Algiers,CEST,+2:00
Africa/Algiers,CET,+1:00
Africa/Algiers,WEST,+1:00
Africa/Tunis,LMT,+0:40
Africa/Tunis,PMT,+0:09
Africa/Tunis,CEST,+2:00
Africa/Tunis,CET,+1:00
Africa/Tunis,CET,+1:00
Africa/Tunis,CEST,+2:00
Africa/Casablanca,LMT,+0:30
Africa/Casablanca,WEST,+1:00
Africa/Casablanca,WET,+0:00
Africa/Casablanca,CET,+1:00
Africa/Casablanca,WET,+0:00
Africa/Ceuta,LMT,+0:21
Africa/Ceuta,WET,+0:00
Africa/Ceuta,WEST,+1:00
Africa/Ceuta,WEST,+1:00
Africa/Ceuta,WET,+0:00
Africa/Ceuta,CET,+1:00
Africa/Ceuta,CEST,+2:00
Africa/Ceuta,CET,+1:00
Africa/El_Aaiun,LMT,+0:52
Africa/El_Aaiun,WAT,-1:00
Africa/El_Aaiun,WEST,+1:00
Africa/El_Aaiun,WET,+0:00
Africa/Brazzaville,LMT,+0:13
Africa/Brazzaville,WAT,+1:00
Africa/Djibouti,LMT,+2:27
Africa/Djibouti,EAT,+3:00
Africa/Djibouti,BEAT,+2:30
Africa/Djibouti,BEAUT,+2:45
Africa/Djibouti,EAT,+3:00
Africa/Accra,LMT,+0:00
Africa/Accra,GHST,+0:20
Africa/Accra,GMT,+0:00
Africa/Lagos,LMT,+0:13
Africa/Lagos,WAT,+1:00
Africa/Ndjamena,LMT,+1:00
Africa/Ndjamena,WAT,+1:00
Africa/Ndjamena,WAST,+2:00
Africa/Tripoli,LMT,+0:52
Africa/Tripoli,CEST,+2:00
Africa/Tripoli,CET,+1:00
Africa/Tripoli,EET,+2:00
Africa/Nairobi,LMT,+2:27
Africa/Nairobi,EAT,+3:00
Africa/Nairobi,BEAT,+2:30
Africa/Nairobi,BEAUT,+2:45
Africa/Nairobi,EAT,+3:00
Africa/Douala,LMT,+0:13
Africa/Douala,WAT,+1:00
Africa/Lubumbashi,LMT,+2:10
Africa/Lubumbashi,CAT,+2:00
Africa/Bangui,LMT,+0:13
Africa/Bangui,WAT,+1:00
Africa/Lome,LMT,+0:16
Africa/Lome,GMT,+0:00
Africa/Timbuktu,LMT,+0:16
Africa/Timbuktu,GMT,+0:00
Africa/Lusaka,LMT,+2:10
Africa/Lusaka,CAT,+2:00
Africa/Addis_Ababa,LMT,+2:27
Africa/Addis_Ababa,EAT,+3:00
Africa/Addis_Ababa,BEAT,+2:30
Africa/Addis_Ababa,BEAUT,+2:45
Africa/Addis_Ababa,EAT,+3:00
Africa/Bamako,LMT,+0:16
Africa/Bamako,GMT,+0:00
Africa/Monrovia,LMT,+0:43
Africa/Monrovia,MMT,+0:43
Africa/Monrovia,LRT,+0:44
Africa/Monrovia,GMT,+0:00
Africa/Asmera,LMT,+2:27
Africa/Asmera,EAT,+3:00
Africa/Asmera,BEAT,+2:30
Africa/Asmera,BEAUT,+2:45
Africa/Asmera,EAT,+3:00
Africa/Conakry,LMT,+0:16
Africa/Conakry,GMT,+0:00
Africa/Bissau,LMT,-1:02
Africa/Bissau,WAT,-1:00
Africa/Bissau,GMT,+0:00
Africa/Mbabane,LMT,+1:52
Africa/Mbabane,SAST,+1:30
Africa/Mbabane,SAST,+3:00
Africa/Mbabane,SAST,+2:00
Africa/Bujumbura,LMT,+2:10
Africa/Bujumbura,CAT,+2:00
Africa/Luanda,LMT,+0:13
Africa/Luanda,WAT,+1:00
Africa/Porto-Novo,LMT,+0:13
Africa/Porto-Novo,WAT,+1:00
Africa/Juba,LMT,+2:10
Africa/Juba,CAST,+3:00
Africa/Juba,CAT,+2:00
Africa/Juba,EAT,+3:00
Africa/Malabo,LMT,+0:13
Africa/Malabo,WAT,+1:00
Africa/Kinshasa,LMT,+0:13
Africa/Kinshasa,WAT,+1:00
Africa/Dakar,LMT,+0:16
Africa/Dakar,GMT,+0:00
Africa/Nouakchott,LMT,+0:16
Africa/Nouakchott,GMT,+0:00
Africa/Khartoum,LMT,+2:10
Africa/Khartoum,CAST,+3:00
Africa/Khartoum,CAT,+2:00
Africa/Khartoum,EAT,+3:00
Africa/Harare,LMT,+2:10
Africa/Harare,CAT,+2:00
Africa/Mogadishu,LMT,+2:27
Africa/Mogadishu,EAT,+3:00
Africa/Mogadishu,BEAT,+2:30
Africa/Mogadishu,BEAUT,+2:45
Africa/Mogadishu,EAT,+3:00
Africa/Blantyre,LMT,+2:10
Africa/Blantyre,CAT,+2:00
Africa/Windhoek,LMT,+1:08
Africa/Windhoek,SWAT,+1:30
Africa/Windhoek,SAST,+2:00
Africa/Windhoek,SAST,+3:00
Africa/Windhoek,CAT,+2:00
Africa/Windhoek,WAST,+2:00
Africa/Windhoek,WAT,+1:00
Africa/Libreville,LMT,+0:13
Africa/Libreville,WAT,+1:00
Africa/Freetown,LMT,+0:16
Africa/Freetown,GMT,+0:00
Africa/Sao_Tome,LMT,+0:16
Africa/Sao_Tome,GMT,+0:00
Africa/Asmara,LMT,+2:27
Africa/Asmara,EAT,+3:00
Africa/Asmara,BEAT,+2:30
Africa/Asmara,BEAUT,+2:45
Africa/Asmara,EAT,+3:00
Africa/Abidjan,LMT,+0:16
Africa/Abidjan,GMT,+0:00
Africa/Ouagadougou,LMT,+0:16
Africa/Ouagadougou,GMT,+0:00
Africa/Maputo,LMT,+2:10
Africa/Maputo,CAT,+2:00
Africa/Gaborone,LMT,+2:10
Africa/Gaborone,CAT,+2:00
Africa/Banjul,LMT,+0:16
Africa/Banjul,GMT,+0:00
Africa/Kampala,LMT,+2:27
Africa/Kampala,EAT,+3:00
Africa/Kampala,BEAT,+2:30
Africa/Kampala,BEAUT,+2:45
Africa/Kampala,EAT,+3:00
Africa/Dar_es_Salaam,LMT,+2:27
Africa/Dar_es_Salaam,EAT,+3:00
Africa/Dar_es_Salaam,BEAT,+2:30
Africa/Dar_es_Salaam,BEAUT,+2:45
Africa/Dar_es_Salaam,EAT,+3:00
Africa/Cairo,LMT,+2:05
Africa/Cairo,EEST,+3:00
Africa/Cairo,EET,+2:00
Africa/Cairo,EEST,+3:00
Africa/Maseru,LMT,+1:52
Africa/Maseru,SAST,+1:30
Africa/Maseru,SAST,+3:00
Africa/Maseru,SAST,+2:00
Africa/Niamey,LMT,+0:13
Africa/Niamey,WAT,+1:00
America/Halifax,LMT,-4:14
America/Halifax,ADT,-3:00
America/Halifax,AST,-4:00
America/Halifax,AWT,-3:00
America/Halifax,APT,-3:00
America/Havana,LMT,-5:29
America/Havana,HMT,-5:29
America/Havana,CDT,-4:00
America/Havana,CST,-5:00
America/Havana,CST,-5:00
America/Havana,CDT,-4:00
America/Santiago,LMT,-4:42
America/Santiago,SMT,-4:42
America/Santiago,CLT,-5:00
America/Santiago,CLT,-4:00
America/Santiago,CLST,-4:00
America/Santiago,CLST,-3:00
America/Santiago,CLST,-3:00
America/Santiago,CLT,-4:00
America/Santiago,CLT,-3:00
America/Tegucigalpa,LMT,-5:48
America/Tegucigalpa,CDT,-5:00
America/Tegucigalpa,CST,-6:00
America/Merida,LMT,-5:58
America/Merida,CST,-6:00
America/Merida,EST,-5:00
America/Merida,CDT,-5:00
America/Merida,CST,-6:00
America/Kentucky/Louisville,LMT,-5:43
America/Kentucky/Louisville,CDT,-5:00
America/Kentucky/Louisville,CST,-6:00
America/Kentucky/Louisville,CWT,-5:00
America/Kentucky/Louisville,CPT,-5:00
America/Kentucky/Louisville,EST,-5:00
America/Kentucky/Louisville,EDT,-4:00
America/Kentucky/Monticello,LMT,-5:39
America/Kentucky/Monticello,CDT,-5:00
America/Kentucky/Monticello,CST,-6:00
America/Kentucky/Monticello,CWT,-5:00
America/Kentucky/Monticello,CPT,-5:00
America/Kentucky/Monticello,EDT,-4:00
America/Kentucky/Monticello,EST,-5:00
America/Louisville,LMT,-5:43
America/Louisville,CDT,-5:00
America/Louisville,CST,-6:00
America/Louisville,CWT,-5:00
America/Louisville,CPT,-5:00
America/Louisville,EST,-5:00
America/Louisville,EDT,-4:00
America/Mendoza,LMT,-4:35
America/Mendoza,CMT,-4:16
America/Mendoza,ART,-4:00
America/Mendoza,ARST,-3:00
America/Mendoza,ARST,-2:00
America/Mendoza,ART,-3:00
America/Mendoza,WART,-4:00
America/Mendoza,WARST,-3:00
America/Mendoza,ARST,-2:00
America/Mendoza,ART,-3:00
America/Catamarca,LMT,-4:23
America/Catamarca,CMT,-4:16
America/Catamarca,ART,-4:00
America/Catamarca,ARST,-3:00
America/Catamarca,ARST,-2:00
America/Catamarca,ART,-3:00
America/Catamarca,WART,-4:00
America/Catamarca,ART,-3:00
America/Nipigon,LMT,-5:53
America/Nipigon,EDT,-4:00
America/Nipigon,EST,-5:00
America/Nipigon,EWT,-4:00
America/Nipigon,EPT,-4:00
America/Grenada,LMT,-4:06
America/Grenada,AST,-4:00
America/Fortaleza,LMT,-2:34
America/Fortaleza,BRST,-2:00
America/Fortaleza,BRT,-3:00
America/Atikokan,LMT,-6:06
America/Atikokan,CDT,-5:00
America/Atikokan,CST,-6:00
America/Atikokan,CWT,-5:00
America/Atikokan,CPT,-5:00
America/Atikokan,EST,-5:00
America/Dawson,LMT,-9:17
America/Dawson,YDT,-8:00
America/Dawson,YST,-9:00
America/Dawson,YWT,-8:00
America/Dawson,YPT,-8:00
America/Dawson,YDDT,-7:00
America/Dawson,PST,-8:00
America/Dawson,PDT,-7:00
America/Yellowknife,zzz,+0:00
America/Yellowknife,MWT,-6:00
America/Yellowknife,MPT,-6:00
America/Yellowknife,MST,-7:00
America/Yellowknife,MDDT,-5:00
America/Yellowknife,MDT,-6:00
America/Shiprock,LMT,-6:59
America/Shiprock,MDT,-6:00
America/Shiprock,MST,-7:00
America/Shiprock,MWT,-6:00
America/Shiprock,MPT,-6:00
America/Campo_Grande,LMT,-3:38
America/Campo_Grande,AMST,-3:00
America/Campo_Grande,AMT,-4:00
America/Nassau,LMT,-5:09
America/Nassau,EDT,-4:00
America/Nassau,EST,-5:00
America/St_Lucia,LMT,-4:06
America/St_Lucia,AST,-4:00
America/Antigua,LMT,-4:06
America/Antigua,AST,-4:00
America/Guatemala,LMT,-6:02
America/Guatemala,CDT,-5:00
America/Guatemala,CST,-6:00
America/Ojinaga,LMT,-6:57
America/Ojinaga,MST,-7:00
America/Ojinaga,CST,-6:00
America/Ojinaga,CDT,-5:00
America/Ojinaga,MDT,-6:00
America/Ojinaga,MST,-7:00
America/Juneau,LMT,-8:57
America/Juneau,PST,-8:00
America/Juneau,PWT,-7:00
America/Juneau,PPT,-7:00
America/Juneau,PDT,-7:00
America/Juneau,YDT,-8:00
America/Juneau,YST,-9:00
America/Juneau,AKDT,-8:00
America/Juneau,AKST,-9:00
America/Dominica,LMT,-4:06
America/Dominica,AST,-4:00
America/Coral_Harbour,LMT,-6:06
America/Coral_Harbour,CDT,-5:00
America/Coral_Harbour,CST,-6:00
America/Coral_Harbour,CWT,-5:00
America/Coral_Harbour,CPT,-5:00
America/Coral_Harbour,EST,-5:00
America/Port_of_Spain,LMT,-4:06
America/Port_of_Spain,AST,-4:00
America/Belize,LMT,-5:52
America/Belize,CHDT,-5:30
America/Belize,CST,-6:00
America/Belize,CDT,-5:00
America/Edmonton,LMT,-7:33
America/Edmonton,MDT,-6:00
America/Edmonton,MST,-7:00
America/Edmonton,MWT,-6:00
America/Edmonton,MPT,-6:00
America/Sao_Paulo,LMT,-3:06
America/Sao_Paulo,BRST,-2:00
America/Sao_Paulo,BRT,-3:00
America/St_Barthelemy,LMT,-4:06
America/St_Barthelemy,AST,-4:00
America/Marigot,LMT,-4:06
America/Marigot,AST,-4:00
America/Santa_Isabel,LMT,-7:39
America/Santa_Isabel,MST,-7:00
America/Santa_Isabel,PST,-8:00
America/Santa_Isabel,PDT,-7:00
America/Santa_Isabel,PWT,-7:00
America/Santa_Isabel,PPT,-7:00
America/Guyana,LMT,-3:52
America/Guyana,GBGT,-3:45
America/Guyana,GYT,-3:45
America/Guyana,GYT,-3:00
America/Guyana,GYT,-4:00
America/El_Salvador,LMT,-5:56
America/El_Salvador,CDT,-5:00
America/El_Salvador,CST,-6:00
America/Fort_Wayne,LMT,-5:44
America/Fort_Wayne,CDT,-5:00
America/Fort_Wayne,CST,-6:00
America/Fort_Wayne,CWT,-5:00
America/Fort_Wayne,CPT,-5:00
America/Fort_Wayne,EST,-5:00
America/Fort_Wayne,EDT,-4:00
America/Belem,LMT,-3:13
America/Belem,BRST,-2:00
America/Belem,BRT,-3:00
America/Barbados,LMT,-3:58
America/Barbados,BMT,-3:58
America/Barbados,ADT,-3:00
America/Barbados,AST,-4:00
America/Cayenne,LMT,-3:29
America/Cayenne,GFT,-4:00
America/Cayenne,GFT,-3:00
America/Indiana/Vevay,LMT,-5:40
America/Indiana/Vevay,CDT,-5:00
America/Indiana/Vevay,CST,-6:00
America/Indiana/Vevay,CWT,-5:00
America/Indiana/Vevay,CPT,-5:00
America/Indiana/Vevay,EST,-5:00
America/Indiana/Vevay,EDT,-4:00
America/Indiana/Petersburg,LMT,-5:49
America/Indiana/Petersburg,CDT,-5:00
America/Indiana/Petersburg,CST,-6:00
America/Indiana/Petersburg,CWT,-5:00
America/Indiana/Petersburg,CPT,-5:00
America/Indiana/Petersburg,EST,-5:00
America/Indiana/Petersburg,EDT,-4:00
America/Indiana/Vincennes,LMT,-5:50
America/Indiana/Vincennes,CDT,-5:00
America/Indiana/Vincennes,CST,-6:00
America/Indiana/Vincennes,CWT,-5:00
America/Indiana/Vincennes,CPT,-5:00
America/Indiana/Vincennes,EST,-5:00
America/Indiana/Vincennes,EDT,-4:00
America/Indiana/Marengo,LMT,-5:45
America/Indiana/Marengo,CDT,-5:00
America/Indiana/Marengo,CST,-6:00
America/Indiana/Marengo,CWT,-5:00
America/Indiana/Marengo,CPT,-5:00
America/Indiana/Marengo,EST,-5:00
America/Indiana/Marengo,EDT,-4:00
America/Indiana/Tell_City,LMT,-5:47
America/Indiana/Tell_City,CDT,-5:00
America/Indiana/Tell_City,CST,-6:00
America/Indiana/Tell_City,CWT,-5:00
America/Indiana/Tell_City,CPT,-5:00
America/Indiana/Tell_City,EST,-5:00
America/Indiana/Tell_City,EDT,-4:00
America/Indiana/Tell_City,CDT,-5:00
America/Indiana/Tell_City,CST,-6:00
America/Indiana/Winamac,LMT,-5:46
America/Indiana/Winamac,CDT,-5:00
America/Indiana/Winamac,CST,-6:00
America/Indiana/Winamac,CWT,-5:00
America/Indiana/Winamac,CPT,-5:00
America/Indiana/Winamac,EST,-5:00
America/Indiana/Winamac,EDT,-4:00
America/Indiana/Indianapolis,LMT,-5:44
America/Indiana/Indianapolis,CDT,-5:00
America/Indiana/Indianapolis,CST,-6:00
America/Indiana/Indianapolis,CWT,-5:00
America/Indiana/Indianapolis,CPT,-5:00
America/Indiana/Indianapolis,EST,-5:00
America/Indiana/Indianapolis,EDT,-4:00
America/Indiana/Knox,LMT,-5:46
America/Indiana/Knox,CDT,-5:00
America/Indiana/Knox,CST,-6:00
America/Indiana/Knox,CWT,-5:00
America/Indiana/Knox,CPT,-5:00
America/Indiana/Knox,EST,-5:00
America/Indiana/Knox,CST,-6:00
America/Miquelon,LMT,-3:44
America/Miquelon,AST,-4:00
America/Miquelon,PMST,-3:00
America/Miquelon,PMDT,-2:00
America/Pangnirtung,zzz,+0:00
America/Pangnirtung,AWT,-3:00
America/Pangnirtung,APT,-3:00
America/Pangnirtung,AST,-4:00
America/Pangnirtung,ADDT,-2:00
America/Pangnirtung,ADT,-3:00
America/Pangnirtung,EDT,-4:00
America/Pangnirtung,EST,-5:00
America/Pangnirtung,CST,-6:00
America/Pangnirtung,CDT,-5:00
America/Pangnirtung,EDT,-4:00
America/Pangnirtung,EST,-5:00
America/Anchorage,LMT,-9:59
America/Anchorage,CAT,-10:00
America/Anchorage,CAWT,-9:00
America/Anchorage,CAPT,-9:00
America/Anchorage,AHST,-10:00
America/Anchorage,AHDT,-9:00
America/Anchorage,YST,-9:00
America/Anchorage,AKDT,-8:00
America/Anchorage,AKST,-9:00
America/Montevideo,LMT,-3:44
America/Montevideo,MMT,-3:44
America/Montevideo,UYHST,-3:00
America/Montevideo,UYT,-3:30
America/Montevideo,UYT,-3:30
America/Montevideo,UYT,-3:00
America/Montevideo,UYST,-2:00
America/Montevideo,UYHST,-2:30
America/Montevideo,UYST,-2:00
America/Rosario,LMT,-4:16
America/Rosario,CMT,-4:16
America/Rosario,ART,-4:00
America/Rosario,ARST,-3:00
America/Rosario,ARST,-2:00
America/Rosario,ART,-3:00
America/Rosario,WART,-4:00
America/Rosario,ART,-3:00
America/New_York,LMT,-4:56
America/New_York,EDT,-4:00
America/New_York,EST,-5:00
America/New_York,EWT,-4:00
America/New_York,EPT,-4:00
America/Metlakatla,LMT,-8:46
America/Metlakatla,PST,-8:00
America/Metlakatla,PWT,-7:00
America/Metlakatla,PPT,-7:00
America/Metlakatla,PDT,-7:00
America/Lima,LMT,-5:08
America/Lima,LMT,-5:08
America/Lima,PEST,-4:00
America/Lima,PET,-5:00
America/Santo_Domingo,LMT,-4:39
America/Santo_Domingo,SDMT,-4:40
America/Santo_Domingo,EDT,-4:00
America/Santo_Domingo,EST,-5:00
America/Santo_Domingo,EHDT,-4:30
America/Santo_Domingo,AST,-4:00
America/Whitehorse,LMT,-9:00
America/Whitehorse,YDT,-8:00
America/Whitehorse,YST,-9:00
America/Whitehorse,YWT,-8:00
America/Whitehorse,YPT,-8:00
America/Whitehorse,YDDT,-7:00
America/Whitehorse,PST,-8:00
America/Whitehorse,PDT,-7:00
America/Buenos_Aires,LMT,-3:53
America/Buenos_Aires,CMT,-4:16
America/Buenos_Aires,ART,-4:00
America/Buenos_Aires,ARST,-3:00
America/Buenos_Aires,ARST,-2:00
America/Buenos_Aires,ART,-3:00
America/Creston,LMT,-7:46
America/Creston,MST,-7:00
America/Creston,PST,-8:00
America/Creston,MST,-7:00
America/Boa_Vista,LMT,-4:02
America/Boa_Vista,AMST,-3:00
America/Boa_Vista,AMT,-4:00
America/Matamoros,LMT,-6:40
America/Matamoros,CST,-6:00
America/Matamoros,CDT,-5:00
America/Vancouver,LMT,-8:12
America/Vancouver,PDT,-7:00
America/Vancouver,PST,-8:00
America/Vancouver,PWT,-7:00
America/Vancouver,PPT,-7:00
America/St_Thomas,LMT,-4:06
America/St_Thomas,AST,-4:00
America/Bahia,LMT,-2:34
America/Bahia,BRST,-2:00
America/Bahia,BRT,-3:00
America/Monterrey,LMT,-6:41
America/Monterrey,CST,-6:00
America/Monterrey,CDT,-5:00
America/Los_Angeles,LMT,-7:52
America/Los_Angeles,PDT,-7:00
America/Los_Angeles,PST,-8:00
America/Los_Angeles,PWT,-7:00
America/Los_Angeles,PPT,-7:00
America/Detroit,LMT,-5:32
America/Detroit,CST,-6:00
America/Detroit,EST,-5:00
America/Detroit,EWT,-4:00
America/Detroit,EPT,-4:00
America/Detroit,EDT,-4:00
America/Araguaina,LMT,-3:12
America/Araguaina,BRST,-2:00
America/Araguaina,BRT,-3:00
America/Glace_Bay,LMT,-3:59
America/Glace_Bay,ADT,-3:00
America/Glace_Bay,AST,-4:00
America/Glace_Bay,AWT,-3:00
America/Glace_Bay,APT,-3:00
America/Jujuy,LMT,-4:21
America/Jujuy,CMT,-4:16
America/Jujuy,ART,-4:00
America/Jujuy,ARST,-3:00
America/Jujuy,ARST,-2:00
America/Jujuy,ART,-3:00
America/Jujuy,WART,-4:00
America/Jujuy,WARST,-3:00
America/Jujuy,ARST,-2:00
America/Jujuy,ART,-3:00
America/Rankin_Inlet,zzz,+0:00
America/Rankin_Inlet,CDDT,-4:00
America/Rankin_Inlet,CST,-6:00
America/Rankin_Inlet,CDT,-5:00
America/Rankin_Inlet,EST,-5:00
America/Rankin_Inlet,CST,-6:00
America/Thule,LMT,-4:35
America/Thule,ADT,-3:00
America/Thule,AST,-4:00
America/Port-au-Prince,LMT,-4:49
America/Port-au-Prince,PPMT,-4:49
America/Port-au-Prince,EDT,-4:00
America/Port-au-Prince,EST,-5:00
America/Port-au-Prince,EDT,-4:00
America/Port-au-Prince,EST,-5:00
America/Lower_Princes,LMT,-4:35
America/Lower_Princes,ANT,-4:30
America/Lower_Princes,AST,-4:00
America/Mexico_City,LMT,-6:36
America/Mexico_City,MST,-7:00
America/Mexico_City,CST,-6:00
America/Mexico_City,CDT,-5:00
America/Mexico_City,CWT,-5:00
America/Mazatlan,LMT,-7:05
America/Mazatlan,MST,-7:00
America/Mazatlan,CST,-6:00
America/Mazatlan,PST,-8:00
America/Mazatlan,MDT,-6:00
America/Mazatlan,MST,-7:00
America/Atka,LMT,-11:46
America/Atka,NST,-11:00
America/Atka,NWT,-10:00
America/Atka,NPT,-10:00
America/Atka,BST,-11:00
America/Atka,BDT,-10:00
America/Atka,AHST,-10:00
America/Atka,HDT,-9:00
America/Atka,HST,-10:00
America/Toronto,LMT,-5:17
America/Toronto,EDT,-4:00
America/Toronto,EST,-5:00
America/Toronto,EWT,-4:00
America/Toronto,EPT,-4:00
America/Menominee,LMT,-5:50
America/Menominee,CDT,-5:00
America/Menominee,CST,-6:00
America/Menominee,CWT,-5:00
America/Menominee,CPT,-5:00
America/Menominee,EST,-5:00
America/Menominee,CST,-6:00
America/St_Vincent,LMT,-4:06
America/St_Vincent,AST,-4:00
America/Inuvik,zzz,+0:00
America/Inuvik,PDDT,-6:00
America/Inuvik,PST,-8:00
America/Inuvik,MST,-7:00
America/Inuvik,MDT,-6:00
America/Managua,LMT,-5:45
America/Managua,MMT,-5:45
America/Managua,CST,-6:00
America/Managua,EST,-5:00
America/Managua,CDT,-5:00
America/Managua,CST,-6:00
America/Dawson_Creek,LMT,-8:00
America/Dawson_Creek,PDT,-7:00
America/Dawson_Creek,PST,-8:00
America/Dawson_Creek,PWT,-7:00
America/Dawson_Creek,PPT,-7:00
America/Dawson_Creek,MST,-7:00
America/Noronha,LMT,-2:09
America/Noronha,FNST,-1:00
America/Noronha,FNT,-2:00
America/Moncton,LMT,-4:19
America/Moncton,EST,-5:00
America/Moncton,ADT,-3:00
America/Moncton,AST,-4:00
America/Moncton,AWT,-3:00
America/Moncton,APT,-3:00
America/Guayaquil,LMT,-5:19
America/Guayaquil,QMT,-5:14
America/Guayaquil,ECT,-5:00
America/Martinique,LMT,-4:04
America/Martinique,FFMT,-4:04
America/Martinique,AST,-4:00
America/Martinique,ADT,-3:00
America/Guadeloupe,LMT,-4:06
America/Guadeloupe,AST,-4:00
America/Santarem,LMT,-3:38
America/Santarem,AMST,-3:00
America/Santarem,AMT,-4:00
America/Santarem,BRT,-3:00
America/St_Kitts,LMT,-4:06
America/St_Kitts,AST,-4:00
America/Yakutat,LMT,-9:18
America/Yakutat,YST,-9:00
America/Yakutat,YWT,-8:00
America/Yakutat,YPT,-8:00
America/Yakutat,YDT,-8:00
America/Yakutat,AKDT,-8:00
America/Yakutat,AKST,-9:00
America/Costa_Rica,LMT,-5:36
America/Costa_Rica,SJMT,-5:36
America/Costa_Rica,CDT,-5:00
America/Costa_Rica,CST,-6:00
America/Danmarkshavn,LMT,-1:14
America/Danmarkshavn,WGT,-3:00
America/Danmarkshavn,WGT,-3:00
America/Danmarkshavn,WGST,-2:00
America/Danmarkshavn,WGST,-2:00
America/Danmarkshavn,GMT,+0:00
America/Chicago,LMT,-5:50
America/Chicago,CDT,-5:00
America/Chicago,CST,-6:00
America/Chicago,EST,-5:00
America/Chicago,CWT,-5:00
America/Chicago,CPT,-5:00
America/Chicago,CST,-6:00
America/Winnipeg,LMT,-6:28
America/Winnipeg,CDT,-5:00
America/Winnipeg,CST,-6:00
America/Winnipeg,CWT,-5:00
America/Winnipeg,CPT,-5:00
America/Winnipeg,CDT,-5:00
America/Winnipeg,CST,-6:00
America/Rainy_River,LMT,-6:18
America/Rainy_River,CDT,-5:00
America/Rainy_River,CST,-6:00
America/Rainy_River,CWT,-5:00
America/Rainy_River,CPT,-5:00
America/Bahia_Banderas,LMT,-7:01
America/Bahia_Banderas,MST,-7:00
America/Bahia_Banderas,CST,-6:00
America/Bahia_Banderas,PST,-8:00
America/Bahia_Banderas,MDT,-6:00
America/Bahia_Banderas,CDT,-5:00
America/Bahia_Banderas,CST,-6:00
America/Panama,LMT,-5:18
America/Panama,CMT,-5:19
America/Panama,EST,-5:00
America/Porto_Velho,LMT,-4:15
America/Porto_Velho,AMST,-3:00
America/Porto_Velho,AMT,-4:00
America/Paramaribo,LMT,-3:40
America/Paramaribo,PMT,-3:40
America/Paramaribo,PMT,-3:40
America/Paramaribo,NEGT,-3:30
America/Paramaribo,SRT,-3:30
America/Paramaribo,SRT,-3:00
America/Ensenada,LMT,-7:48
America/Ensenada,MST,-7:00
America/Ensenada,PST,-8:00
America/Ensenada,PDT,-7:00
America/Ensenada,PWT,-7:00
America/Ensenada,PPT,-7:00
America/Rio_Branco,LMT,-4:31
America/Rio_Branco,ACST,-4:00
America/Rio_Branco,ACT,-5:00
America/Rio_Branco,AMT,-4:00
America/Rio_Branco,ACT,-5:00
America/Asuncion,LMT,-3:50
America/Asuncion,AMT,-3:50
America/Asuncion,PYT,-4:00
America/Asuncion,PYT,-3:00
America/Asuncion,PYST,-3:00
America/Asuncion,PYT,-4:00
America/Cordoba,LMT,-4:16
America/Cordoba,CMT,-4:16
America/Cordoba,ART,-4:00
America/Cordoba,ARST,-3:00
America/Cordoba,ARST,-2:00
America/Cordoba,ART,-3:00
America/Cordoba,WART,-4:00
America/Cordoba,ART,-3:00
America/Denver,LMT,-6:59
America/Denver,MDT,-6:00
America/Denver,MST,-7:00
America/Denver,MWT,-6:00
America/Denver,MPT,-6:00
America/Resolute,zzz,+0:00
America/Resolute,CDDT,-4:00
America/Resolute,CST,-6:00
America/Resolute,CDT,-5:00
America/Resolute,EST,-5:00
America/Resolute,CST,-6:00
America/Manaus,LMT,-4:00
America/Manaus,AMST,-3:00
America/Manaus,AMT,-4:00
America/Swift_Current,LMT,-7:11
America/Swift_Current,MDT,-6:00
America/Swift_Current,MST,-7:00
America/Swift_Current,MWT,-6:00
America/Swift_Current,MPT,-6:00
America/Swift_Current,CST,-6:00
America/Recife,LMT,-2:19
America/Recife,BRST,-2:00
America/Recife,BRT,-3:00
America/Hermosillo,LMT,-7:23
America/Hermosillo,MST,-7:00
America/Hermosillo,CST,-6:00
America/Hermosillo,PST,-8:00
America/Hermosillo,MDT,-6:00
America/Hermosillo,MST,-7:00
America/Scoresbysund,LMT,-1:27
America/Scoresbysund,CGT,-2:00
America/Scoresbysund,CGST,-1:00
America/Scoresbysund,CGT,-2:00
America/Scoresbysund,EGT,-1:00
America/Scoresbysund,EGST,+0:00
America/Scoresbysund,EGST,+0:00
America/Indianapolis,LMT,-5:44
America/Indianapolis,CDT,-5:00
America/Indianapolis,CST,-6:00
America/Indianapolis,CWT,-5:00
America/Indianapolis,CPT,-5:00
America/Indianapolis,EST,-5:00
America/Indianapolis,EDT,-4:00
America/Nome,LMT,-11:01
America/Nome,NST,-11:00
America/Nome,NWT,-10:00
America/Nome,NPT,-10:00
America/Nome,BST,-11:00
America/Nome,BDT,-10:00
America/Nome,YST,-9:00
America/Nome,AKDT,-8:00
America/Nome,AKST,-9:00
America/Adak,LMT,-11:46
America/Adak,NST,-11:00
America/Adak,NWT,-10:00
America/Adak,NPT,-10:00
America/Adak,BST,-11:00
America/Adak,BDT,-10:00
America/Adak,AHST,-10:00
America/Adak,HDT,-9:00
America/Adak,HST,-10:00
America/Porto_Acre,LMT,-4:31
America/Porto_Acre,ACST,-4:00
America/Porto_Acre,ACT,-5:00
America/Porto_Acre,AMT,-4:00
America/Porto_Acre,ACT,-5:00
America/Tortola,LMT,-4:06
America/Tortola,AST,-4:00
America/Cayman,LMT,-5:25
America/Cayman,KMT,-5:07
America/Cayman,EST,-5:00
America/Cayman,EDT,-4:00
America/Sitka,LMT,-9:01
America/Sitka,PST,-8:00
America/Sitka,PWT,-7:00
America/Sitka,PPT,-7:00
America/Sitka,PDT,-7:00
America/Sitka,YST,-9:00
America/Sitka,AKDT,-8:00
America/Sitka,AKST,-9:00
America/Argentina/Mendoza,LMT,-4:35
America/Argentina/Mendoza,CMT,-4:16
America/Argentina/Mendoza,ART,-4:00
America/Argentina/Mendoza,ARST,-3:00
America/Argentina/Mendoza,ARST,-2:00
America/Argentina/Mendoza,ART,-3:00
America/Argentina/Mendoza,WART,-4:00
America/Argentina/Mendoza,WARST,-3:00
America/Argentina/Mendoza,ARST,-2:00
America/Argentina/Mendoza,ART,-3:00
America/Argentina/Catamarca,LMT,-4:23
America/Argentina/Catamarca,CMT,-4:16
America/Argentina/Catamarca,ART,-4:00
America/Argentina/Catamarca,ARST,-3:00
America/Argentina/Catamarca,ARST,-2:00
America/Argentina/Catamarca,ART,-3:00
America/Argentina/Catamarca,WART,-4:00
America/Argentina/Catamarca,ART,-3:00
America/Argentina/ComodRivadavia,LMT,-4:23
America/Argentina/ComodRivadavia,CMT,-4:16
America/Argentina/ComodRivadavia,ART,-4:00
America/Argentina/ComodRivadavia,ARST,-3:00
America/Argentina/ComodRivadavia,ARST,-2:00
America/Argentina/ComodRivadavia,ART,-3:00
America/Argentina/ComodRivadavia,WART,-4:00
America/Argentina/ComodRivadavia,ART,-3:00
America/Argentina/Ushuaia,LMT,-4:33
America/Argentina/Ushuaia,CMT,-4:16
America/Argentina/Ushuaia,ART,-4:00
America/Argentina/Ushuaia,ARST,-3:00
America/Argentina/Ushuaia,ARST,-2:00
America/Argentina/Ushuaia,ART,-3:00
America/Argentina/Ushuaia,WART,-4:00
America/Argentina/Ushuaia,ART,-3:00
America/Argentina/La_Rioja,LMT,-4:27
America/Argentina/La_Rioja,CMT,-4:16
America/Argentina/La_Rioja,ART,-4:00
America/Argentina/La_Rioja,ARST,-3:00
America/Argentina/La_Rioja,ARST,-2:00
America/Argentina/La_Rioja,ART,-3:00
America/Argentina/La_Rioja,WART,-4:00
America/Argentina/La_Rioja,ART,-3:00
America/Argentina/Rio_Gallegos,LMT,-4:36
America/Argentina/Rio_Gallegos,CMT,-4:16
America/Argentina/Rio_Gallegos,ART,-4:00
America/Argentina/Rio_Gallegos,ARST,-3:00
America/Argentina/Rio_Gallegos,ARST,-2:00
America/Argentina/Rio_Gallegos,ART,-3:00
America/Argentina/Rio_Gallegos,WART,-4:00
America/Argentina/Rio_Gallegos,ART,-3:00
America/Argentina/Buenos_Aires,LMT,-3:53
America/Argentina/Buenos_Aires,CMT,-4:16
America/Argentina/Buenos_Aires,ART,-4:00
America/Argentina/Buenos_Aires,ARST,-3:00
America/Argentina/Buenos_Aires,ARST,-2:00
America/Argentina/Buenos_Aires,ART,-3:00
America/Argentina/San_Luis,LMT,-4:25
America/Argentina/San_Luis,CMT,-4:16
America/Argentina/San_Luis,ART,-4:00
America/Argentina/San_Luis,ARST,-3:00
America/Argentina/San_Luis,ARST,-2:00
America/Argentina/San_Luis,ART,-3:00
America/Argentina/San_Luis,WART,-4:00
America/Argentina/San_Luis,WARST,-3:00
America/Argentina/San_Luis,ART,-3:00
America/Argentina/Jujuy,LMT,-4:21
America/Argentina/Jujuy,CMT,-4:16
America/Argentina/Jujuy,ART,-4:00
America/Argentina/Jujuy,ARST,-3:00
America/Argentina/Jujuy,ARST,-2:00
America/Argentina/Jujuy,ART,-3:00
America/Argentina/Jujuy,WART,-4:00
America/Argentina/Jujuy,WARST,-3:00
America/Argentina/Jujuy,ARST,-2:00
America/Argentina/Jujuy,ART,-3:00
America/Argentina/Tucuman,LMT,-4:20
America/Argentina/Tucuman,CMT,-4:16
America/Argentina/Tucuman,ART,-4:00
America/Argentina/Tucuman,ARST,-3:00
America/Argentina/Tucuman,ARST,-2:00
America/Argentina/Tucuman,ART,-3:00
America/Argentina/Tucuman,WART,-4:00
America/Argentina/Tucuman,ART,-3:00
America/Argentina/San_Juan,LMT,-4:34
America/Argentina/San_Juan,CMT,-4:16
America/Argentina/San_Juan,ART,-4:00
America/Argentina/San_Juan,ARST,-3:00
America/Argentina/San_Juan,ARST,-2:00
America/Argentina/San_Juan,ART,-3:00
America/Argentina/San_Juan,WART,-4:00
America/Argentina/San_Juan,ART,-3:00
America/Argentina/Cordoba,LMT,-4:16
America/Argentina/Cordoba,CMT,-4:16
America/Argentina/Cordoba,ART,-4:00
America/Argentina/Cordoba,ARST,-3:00
America/Argentina/Cordoba,ARST,-2:00
America/Argentina/Cordoba,ART,-3:00
America/Argentina/Cordoba,WART,-4:00
America/Argentina/Cordoba,ART,-3:00
America/Argentina/Salta,LMT,-4:21
America/Argentina/Salta,CMT,-4:16
America/Argentina/Salta,ART,-4:00
America/Argentina/Salta,ARST,-3:00
America/Argentina/Salta,ARST,-2:00
America/Argentina/Salta,ART,-3:00
America/Argentina/Salta,WART,-4:00
America/Argentina/Salta,ART,-3:00
America/North_Dakota/Center,LMT,-6:45
America/North_Dakota/Center,MDT,-6:00
America/North_Dakota/Center,MST,-7:00
America/North_Dakota/Center,MWT,-6:00
America/North_Dakota/Center,MPT,-6:00
America/North_Dakota/Center,CDT,-5:00
America/North_Dakota/Center,CST,-6:00
America/North_Dakota/New_Salem,LMT,-6:45
America/North_Dakota/New_Salem,MDT,-6:00
America/North_Dakota/New_Salem,MST,-7:00
America/North_Dakota/New_Salem,MWT,-6:00
America/North_Dakota/New_Salem,MPT,-6:00
America/North_Dakota/New_Salem,CDT,-5:00
America/North_Dakota/New_Salem,CST,-6:00
America/North_Dakota/Beulah,LMT,-6:47
America/North_Dakota/Beulah,MDT,-6:00
America/North_Dakota/Beulah,MST,-7:00
America/North_Dakota/Beulah,MWT,-6:00
America/North_Dakota/Beulah,MPT,-6:00
America/North_Dakota/Beulah,CDT,-5:00
America/North_Dakota/Beulah,CST,-6:00
America/Iqaluit,zzz,+0:00
America/Iqaluit,EPT,-4:00
America/Iqaluit,EST,-5:00
America/Iqaluit,EDDT,-3:00
America/Iqaluit,EDT,-4:00
America/Iqaluit,EWT,-4:00
America/Iqaluit,CST,-6:00
America/Iqaluit,CDT,-5:00
America/Iqaluit,EDT,-4:00
America/Iqaluit,EST,-5:00
America/Cuiaba,LMT,-3:44
America/Cuiaba,AMST,-3:00
America/Cuiaba,AMT,-4:00
America/Montreal,LMT,-5:17
America/Montreal,EDT,-4:00
America/Montreal,EST,-5:00
America/Montreal,EWT,-4:00
America/Montreal,EPT,-4:00
America/Blanc-Sablon,LMT,-3:48
America/Blanc-Sablon,ADT,-3:00
America/Blanc-Sablon,AST,-4:00
America/Blanc-Sablon,AWT,-3:00
America/Blanc-Sablon,APT,-3:00
America/Knox_IN,LMT,-5:46
America/Knox_IN,CDT,-5:00
America/Knox_IN,CST,-6:00
America/Knox_IN,CWT,-5:00
America/Knox_IN,CPT,-5:00
America/Knox_IN,EST,-5:00
America/Knox_IN,CST,-6:00
America/Cambridge_Bay,zzz,+0:00
America/Cambridge_Bay,MWT,-6:00
America/Cambridge_Bay,MPT,-6:00
America/Cambridge_Bay,MST,-7:00
America/Cambridge_Bay,MDDT,-5:00
America/Cambridge_Bay,MDT,-6:00
America/Cambridge_Bay,CDT,-5:00
America/Cambridge_Bay,CST,-6:00
America/Cambridge_Bay,EST,-5:00
America/Cambridge_Bay,MDT,-6:00
America/Cambridge_Bay,MST,-7:00
America/Boise,LMT,-7:44
America/Boise,PDT,-7:00
America/Boise,PST,-8:00
America/Boise,MWT,-6:00
America/Boise,MPT,-6:00
America/Boise,MST,-7:00
America/Boise,MDT,-6:00
America/St_Johns,LMT,-3:30
America/St_Johns,NDT,-2:30
America/St_Johns,NST,-3:30
America/St_Johns,NDT,-2:30
America/St_Johns,NST,-3:30
America/St_Johns,NPT,-2:30
America/St_Johns,NWT,-2:30
America/St_Johns,NDDT,-1:30
America/St_Johns,NDT,-2:30
America/Puerto_Rico,LMT,-4:24
America/Puerto_Rico,AST,-4:00
America/Puerto_Rico,APT,-3:00
America/Puerto_Rico,AWT,-3:00
America/Aruba,LMT,-4:35
America/Aruba,ANT,-4:30
America/Aruba,AST,-4:00
America/Curacao,LMT,-4:35
America/Curacao,ANT,-4:30
America/Curacao,AST,-4:00
America/Eirunepe,LMT,-4:39
America/Eirunepe,ACST,-4:00
America/Eirunepe,ACT,-5:00
America/Eirunepe,AMT,-4:00
America/Eirunepe,ACT,-5:00
America/Virgin,LMT,-4:06
America/Virgin,AST,-4:00
America/Phoenix,LMT,-7:28
America/Phoenix,MDT,-6:00
America/Phoenix,MST,-7:00
America/Phoenix,MWT,-6:00
America/Kralendijk,LMT,-4:35
America/Kralendijk,ANT,-4:30
America/Kralendijk,AST,-4:00
America/Montserrat,LMT,-4:06
America/Montserrat,AST,-4:00
America/Godthab,LMT,-3:26
America/Godthab,WGT,-3:00
America/Godthab,WGT,-3:00
America/Godthab,WGST,-2:00
America/Godthab,WGST,-2:00
America/Bogota,LMT,-4:56
America/Bogota,BMT,-4:56
America/Bogota,COST,-4:00
America/Bogota,COT,-5:00
America/Cancun,LMT,-5:47
America/Cancun,CST,-6:00
America/Cancun,EDT,-4:00
America/Cancun,EST,-5:00
America/Cancun,CDT,-5:00
America/Anguilla,LMT,-4:06
America/Anguilla,AST,-4:00
America/La_Paz,LMT,-4:32
America/La_Paz,CMT,-4:32
America/La_Paz,BOST,-3:32
America/La_Paz,BOT,-4:00
America/Maceio,LMT,-2:22
America/Maceio,BRST,-2:00
America/Maceio,BRT,-3:00
America/Grand_Turk,LMT,-4:44
America/Grand_Turk,KMT,-5:07
America/Grand_Turk,EST,-5:00
America/Grand_Turk,EDT,-4:00
America/Grand_Turk,AST,-4:00
America/Caracas,LMT,-4:27
America/Caracas,CMT,-4:27
America/Caracas,VET,-4:30
America/Caracas,VET,-4:00
America/Caracas,VET,-4:30
America/Jamaica,LMT,-5:07
America/Jamaica,KMT,-5:07
America/Jamaica,EST,-5:00
America/Jamaica,EDT,-4:00
America/Regina,LMT,-6:58
America/Regina,MDT,-6:00
America/Regina,MST,-7:00
America/Regina,MWT,-6:00
America/Regina,MPT,-6:00
America/Regina,CST,-6:00
America/Goose_Bay,LMT,-4:01
America/Goose_Bay,NST,-3:30
America/Goose_Bay,NDT,-2:30
America/Goose_Bay,NST,-3:30
America/Goose_Bay,NDT,-2:30
America/Goose_Bay,NPT,-2:30
America/Goose_Bay,NWT,-2:30
America/Goose_Bay,ADT,-3:00
America/Goose_Bay,AST,-4:00
America/Goose_Bay,ADDT,-2:00
America/Goose_Bay,ADT,-3:00
America/Thunder_Bay,LMT,-5:57
America/Thunder_Bay,CST,-6:00
America/Thunder_Bay,EST,-5:00
America/Thunder_Bay,EWT,-4:00
America/Thunder_Bay,EPT,-4:00
America/Thunder_Bay,EDT,-4:00
America/Tijuana,LMT,-7:48
America/Tijuana,MST,-7:00
America/Tijuana,PST,-8:00
America/Tijuana,PDT,-7:00
America/Tijuana,PWT,-7:00
America/Tijuana,PPT,-7:00
America/Chihuahua,LMT,-7:04
America/Chihuahua,MST,-7:00
America/Chihuahua,CST,-6:00
America/Chihuahua,CDT,-5:00
America/Chihuahua,MDT,-6:00
America/Chihuahua,MST,-7:00
Antarctica/Davis,zzz,+0:00
Antarctica/Davis,DAVT,+7:00
Antarctica/Davis,DAVT,+5:00
Antarctica/Davis,DAVT,+7:00
Antarctica/Rothera,zzz,+0:00
Antarctica/Rothera,ROTT,-3:00
Antarctica/Vostok,zzz,+0:00
Antarctica/Vostok,VOST,+6:00
Antarctica/Syowa,zzz,+0:00
Antarctica/Syowa,SYOT,+3:00
Antarctica/South_Pole,LMT,+11:39
Antarctica/South_Pole,NZST,+12:30
Antarctica/South_Pole,NZMT,+11:30
Antarctica/South_Pole,NZST,+12:00
Antarctica/South_Pole,NZDT,+13:00
Antarctica/South_Pole,NZST,+12:00
Antarctica/South_Pole,NZST,+12:00
Antarctica/Mawson,zzz,+0:00
Antarctica/Mawson,MAWT,+6:00
Antarctica/Mawson,MAWT,+5:00
Antarctica/DumontDUrville,zzz,+0:00
Antarctica/DumontDUrville,PMT,+10:00
Antarctica/DumontDUrville,DDUT,+10:00
Antarctica/Troll,zzz,+0:00
Antarctica/Troll,CEST,+2:00
Antarctica/Troll,UTC,+0:00
Antarctica/Troll,UTC,+0:00
Antarctica/McMurdo,LMT,+11:39
Antarctica/McMurdo,NZST,+12:30
Antarctica/McMurdo,NZMT,+11:30
Antarctica/McMurdo,NZST,+12:00
Antarctica/McMurdo,NZDT,+13:00
Antarctica/McMurdo,NZST,+12:00
Antarctica/McMurdo,NZST,+12:00
Antarctica/Macquarie,zzz,+0:00
Antarctica/Macquarie,AEST,+10:00
Antarctica/Macquarie,AEDT,+11:00
Antarctica/Macquarie,zzz,+0:00
Antarctica/Macquarie,AEDT,+11:00
Antarctica/Macquarie,AEST,+10:00
Antarctica/Macquarie,MIST,+11:00
Antarctica/Palmer,zzz,+0:00
Antarctica/Palmer,ART,-4:00
Antarctica/Palmer,ARST,-3:00
Antarctica/Palmer,ARST,-2:00
Antarctica/Palmer,ART,-3:00
Antarctica/Palmer,CLST,-3:00
Antarctica/Palmer,CLT,-4:00
Antarctica/Palmer,CLT,-4:00
Antarctica/Palmer,CLT,-3:00
Antarctica/Casey,zzz,+0:00
Antarctica/Casey,AWST,+8:00
Antarctica/Casey,CAST,+11:00
Antarctica/Casey,AWST,+8:00
Arctic/Longyearbyen,LMT,+0:43
Arctic/Longyearbyen,CEST,+2:00
Arctic/Longyearbyen,CET,+1:00
Arctic/Longyearbyen,CET,+1:00
Arctic/Longyearbyen,CEST,+2:00
Arctic/Longyearbyen,CEST,+2:00
Arctic/Longyearbyen,CET,+1:00
Asia/Kolkata,LMT,+5:53
Asia/Kolkata,HMT,+5:53
Asia/Kolkata,BURT,+6:30
Asia/Kolkata,IST,+5:30
Asia/Kolkata,IST,+6:30
Asia/Muscat,LMT,+3:41
Asia/Muscat,GST,+4:00
Asia/Hebron,LMT,+2:20
Asia/Hebron,EET,+3:00
Asia/Hebron,EET,+2:00
Asia/Hebron,EEST,+3:00
Asia/Hebron,IDT,+3:00
Asia/Hebron,IST,+2:00
Asia/Hebron,EET,+2:00
Asia/Yekaterinburg,LMT,+4:02
Asia/Yekaterinburg,PMT,+3:45
Asia/Yekaterinburg,SVET,+4:00
Asia/Yekaterinburg,SVEST,+6:00
Asia/Yekaterinburg,SVET,+5:00
Asia/Yekaterinburg,SVET,+5:00
Asia/Yekaterinburg,SVEST,+6:00
Asia/Yekaterinburg,SVEST,+5:00
Asia/Yekaterinburg,SVET,+4:00
Asia/Yekaterinburg,YEKST,+6:00
Asia/Yekaterinburg,YEKT,+5:00
Asia/Yekaterinburg,YEKST,+6:00
Asia/Yekaterinburg,YEKT,+5:00
Asia/Yekaterinburg,YEKT,+6:00
Asia/Yekaterinburg,YEKT,+5:00
Asia/Kuwait,LMT,+3:06
Asia/Kuwait,AST,+3:00
Asia/Taipei,LMT,+8:06
Asia/Taipei,JWST,+8:00
Asia/Taipei,JST,+9:00
Asia/Taipei,CDT,+9:00
Asia/Taipei,CST,+8:00
Asia/Vladivostok,LMT,+8:47
Asia/Vladivostok,VLAT,+9:00
Asia/Vladivostok,VLAST,+11:00
Asia/Vladivostok,VLAT,+10:00
Asia/Vladivostok,VLAT,+10:00
Asia/Vladivostok,VLAST,+11:00
Asia/Vladivostok,VLAST,+10:00
Asia/Vladivostok,VLAT,+9:00
Asia/Vladivostok,VLAT,+11:00
Asia/Vladivostok,VLAST,+11:00
Asia/Vladivostok,VLAT,+10:00
Asia/Choibalsan,LMT,+7:38
Asia/Choibalsan,ULAT,+7:00
Asia/Choibalsan,ULAT,+8:00
Asia/Choibalsan,CHOT,+9:00
Asia/Choibalsan,CHOST,+10:00
Asia/Choibalsan,CHOST,+9:00
Asia/Choibalsan,CHOT,+8:00
Asia/Aden,LMT,+3:06
Asia/Aden,AST,+3:00
Asia/Dhaka,LMT,+6:01
Asia/Dhaka,HMT,+5:53
Asia/Dhaka,BURT,+6:30
Asia/Dhaka,IST,+5:30
Asia/Dhaka,DACT,+6:00
Asia/Dhaka,BDT,+6:00
Asia/Dhaka,BDST,+7:00
Asia/Ashgabat,LMT,+3:53
Asia/Ashgabat,ASHT,+4:00
Asia/Ashgabat,ASHST,+6:00
Asia/Ashgabat,ASHT,+5:00
Asia/Ashgabat,ASHT,+5:00
Asia/Ashgabat,ASHST,+6:00
Asia/Ashgabat,ASHST,+5:00
Asia/Ashgabat,ASHT,+4:00
Asia/Ashgabat,TMT,+4:00
Asia/Ashgabat,TMT,+5:00
Asia/Dili,LMT,+8:22
Asia/Dili,TLT,+8:00
Asia/Dili,JST,+9:00
Asia/Dili,TLT,+9:00
Asia/Dili,WITA,+8:00
Asia/Dili,TLT,+9:00
Asia/Irkutsk,LMT,+6:57
Asia/Irkutsk,IMT,+6:57
Asia/Irkutsk,IRKT,+7:00
Asia/Irkutsk,IRKST,+9:00
Asia/Irkutsk,IRKT,+8:00
Asia/Irkutsk,IRKT,+8:00
Asia/Irkutsk,IRKST,+9:00
Asia/Irkutsk,IRKST,+8:00
Asia/Irkutsk,IRKT,+7:00
Asia/Irkutsk,IRKT,+9:00
Asia/Irkutsk,IRKST,+9:00
Asia/Irkutsk,IRKT,+8:00
Asia/Baghdad,LMT,+2:57
Asia/Baghdad,BMT,+2:57
Asia/Baghdad,AST,+3:00
Asia/Baghdad,ADT,+4:00
Asia/Baghdad,AST,+3:00
Asia/Baghdad,ADT,+4:00
Asia/Ujung_Pandang,LMT,+7:57
Asia/Ujung_Pandang,MMT,+7:57
Asia/Ujung_Pandang,WITA,+8:00
Asia/Ujung_Pandang,JST,+9:00
Asia/Ujung_Pandang,WITA,+8:00
Asia/Macau,LMT,+7:34
Asia/Macau,MOST,+9:00
Asia/Macau,MOT,+8:00
Asia/Macau,CST,+8:00
Asia/Makassar,LMT,+7:57
Asia/Makassar,MMT,+7:57
Asia/Makassar,WITA,+8:00
Asia/Makassar,JST,+9:00
Asia/Makassar,WITA,+8:00
Asia/Kabul,LMT,+4:36
Asia/Kabul,AFT,+4:00
Asia/Kabul,AFT,+4:30
Asia/Bahrain,LMT,+3:26
Asia/Bahrain,GST,+4:00
Asia/Bahrain,AST,+3:00
Asia/Pyongyang,LMT,+8:23
Asia/Pyongyang,KST,+8:30
Asia/Pyongyang,JCST,+9:00
Asia/Pyongyang,JST,+9:00
Asia/Pyongyang,KST,+9:00
Asia/Damascus,LMT,+2:25
Asia/Damascus,EEST,+3:00
Asia/Damascus,EET,+2:00
Asia/Qyzylorda,LMT,+4:21
Asia/Qyzylorda,KIZT,+4:00
Asia/Qyzylorda,KIZT,+5:00
Asia/Qyzylorda,KIZST,+6:00
Asia/Qyzylorda,KIZT,+6:00
Asia/Qyzylorda,KIZT,+5:00
Asia/Qyzylorda,KIZST,+6:00
Asia/Qyzylorda,QYZT,+5:00
Asia/Qyzylorda,QYZST,+7:00
Asia/Qyzylorda,QYZT,+6:00
Asia/Qyzylorda,QYZST,+7:00
Asia/Qyzylorda,QYZT,+6:00
Asia/Ust-Nera,LMT,+9:32
Asia/Ust-Nera,YAKT,+8:00
Asia/Ust-Nera,YAKT,+9:00
Asia/Ust-Nera,MAGT,+11:00
Asia/Ust-Nera,MAGST,+12:00
Asia/Ust-Nera,MAGT,+11:00
Asia/Ust-Nera,MAGST,+12:00
Asia/Ust-Nera,MAGST,+11:00
Asia/Ust-Nera,MAGT,+10:00
Asia/Ust-Nera,MAGT,+12:00
Asia/Ust-Nera,VLAT,+11:00
Asia/Ust-Nera,VLAT,+10:00
Asia/Ust-Nera,MAGST,+12:00
Asia/Chongqing,LMT,+8:05
Asia/Chongqing,CDT,+9:00
Asia/Chongqing,CST,+8:00
Asia/Tokyo,JST,+9:00
Asia/Tokyo,JCST,+9:00
Asia/Tokyo,JDT,+10:00
Asia/Tokyo,JST,+9:00
Asia/Srednekolymsk,LMT,+10:14
Asia/Srednekolymsk,MAGT,+10:00
Asia/Srednekolymsk,MAGST,+12:00
Asia/Srednekolymsk,MAGT,+11:00
Asia/Srednekolymsk,MAGT,+11:00
Asia/Srednekolymsk,MAGST,+12:00
Asia/Srednekolymsk,MAGST,+11:00
Asia/Srednekolymsk,MAGT,+10:00
Asia/Srednekolymsk,MAGT,+12:00
Asia/Srednekolymsk,SRET,+11:00
Asia/Srednekolymsk,MAGST,+12:00
Asia/Kathmandu,LMT,+5:41
Asia/Kathmandu,IST,+5:30
Asia/Kathmandu,NPT,+5:45
Asia/Chita,LMT,+7:33
Asia/Chita,YAKT,+8:00
Asia/Chita,YAKST,+10:00
Asia/Chita,YAKT,+9:00
Asia/Chita,YAKT,+9:00
Asia/Chita,YAKST,+10:00
Asia/Chita,YAKST,+9:00
Asia/Chita,YAKT,+8:00
Asia/Chita,YAKT,+10:00
Asia/Chita,IRKT,+8:00
Asia/Chita,YAKST,+10:00
Asia/Manila,LMT,+8:04
Asia/Manila,PHST,+9:00
Asia/Manila,PHT,+8:00
Asia/Manila,JST,+9:00
Asia/Manila,PHT,+8:00
Asia/Vientiane,LMT,+6:42
Asia/Vientiane,BMT,+6:42
Asia/Vientiane,ICT,+7:00
Asia/Ulan_Bator,LMT,+7:07
Asia/Ulan_Bator,ULAT,+7:00
Asia/Ulan_Bator,ULAST,+9:00
Asia/Ulan_Bator,ULAT,+8:00
Asia/Beirut,LMT,+2:22
Asia/Beirut,EEST,+3:00
Asia/Beirut,EET,+2:00
Asia/Sakhalin,LMT,+9:30
Asia/Sakhalin,JCST,+9:00
Asia/Sakhalin,JST,+9:00
Asia/Sakhalin,SAKST,+12:00
Asia/Sakhalin,SAKT,+11:00
Asia/Sakhalin,SAKT,+11:00
Asia/Sakhalin,SAKST,+12:00
Asia/Sakhalin,SAKST,+11:00
Asia/Sakhalin,SAKT,+10:00
Asia/Omsk,LMT,+4:53
Asia/Omsk,OMST,+5:00
Asia/Omsk,OMSST,+7:00
Asia/Omsk,OMST,+6:00
Asia/Omsk,OMST,+6:00
Asia/Omsk,OMSST,+7:00
Asia/Omsk,OMSST,+6:00
Asia/Omsk,OMST,+5:00
Asia/Omsk,OMST,+7:00
Asia/Omsk,OMSST,+7:00
Asia/Omsk,OMST,+6:00
Asia/Yerevan,LMT,+2:58
Asia/Yerevan,YERT,+3:00
Asia/Yerevan,YERST,+5:00
Asia/Yerevan,YERT,+4:00
Asia/Yerevan,YERT,+4:00
Asia/Yerevan,YERST,+5:00
Asia/Yerevan,YERST,+4:00
Asia/Yerevan,AMT,+3:00
Asia/Yerevan,AMST,+4:00
Asia/Yerevan,AMT,+3:00
Asia/Yerevan,AMST,+4:00
Asia/Yerevan,AMT,+4:00
Asia/Yerevan,AMST,+5:00
Asia/Yerevan,AMT,+4:00
Asia/Hovd,LMT,+6:06
Asia/Hovd,HOVT,+6:00
Asia/Hovd,HOVST,+8:00
Asia/Hovd,HOVT,+7:00
Asia/Gaza,LMT,+2:17
Asia/Gaza,EET,+3:00
Asia/Gaza,EET,+2:00
Asia/Gaza,EEST,+3:00
Asia/Gaza,IDT,+3:00
Asia/Gaza,IST,+2:00
Asia/Gaza,EET,+2:00
Asia/Tashkent,LMT,+4:37
Asia/Tashkent,TAST,+5:00
Asia/Tashkent,TASST,+7:00
Asia/Tashkent,TAST,+6:00
Asia/Tashkent,TAST,+6:00
Asia/Tashkent,TASST,+7:00
Asia/Tashkent,TASST,+6:00
Asia/Tashkent,UZT,+5:00
Asia/Tashkent,UZST,+6:00
Asia/Tashkent,UZT,+5:00
Asia/Istanbul,LMT,+1:55
Asia/Istanbul,IMT,+1:56
Asia/Istanbul,EEST,+3:00
Asia/Istanbul,EET,+2:00
Asia/Istanbul,TRST,+4:00
Asia/Istanbul,TRT,+3:00
Asia/Istanbul,EEST,+3:00
Asia/Istanbul,EET,+2:00
Asia/Istanbul,EEST,+3:00
Asia/Istanbul,EET,+2:00
Asia/Almaty,LMT,+5:07
Asia/Almaty,ALMT,+5:00
Asia/Almaty,ALMST,+7:00
Asia/Almaty,ALMT,+6:00
Asia/Almaty,ALMT,+6:00
Asia/Almaty,ALMST,+7:00
Asia/Oral,LMT,+3:25
Asia/Oral,URAT,+4:00
Asia/Oral,URAT,+5:00
Asia/Oral,URAST,+6:00
Asia/Oral,URAT,+6:00
Asia/Oral,URAT,+5:00
Asia/Oral,URAST,+6:00
Asia/Oral,URAST,+5:00
Asia/Oral,URAT,+4:00
Asia/Oral,ORAST,+5:00
Asia/Oral,ORAT,+4:00
Asia/Oral,ORAST,+5:00
Asia/Oral,ORAT,+4:00
Asia/Oral,ORAT,+5:00
Asia/Saigon,LMT,+7:06
Asia/Saigon,PLMT,+7:06
Asia/Saigon,ICT,+7:00
Asia/Saigon,IDT,+8:00
Asia/Saigon,JST,+9:00
Asia/Saigon,ICT,+7:00
Asia/Aqtau,LMT,+3:21
Asia/Aqtau,FORT,+4:00
Asia/Aqtau,FORT,+5:00
Asia/Aqtau,SHET,+5:00
Asia/Aqtau,SHET,+6:00
Asia/Aqtau,SHEST,+6:00
Asia/Aqtau,SHET,+5:00
Asia/Aqtau,SHEST,+6:00
Asia/Aqtau,AQTST,+6:00
Asia/Aqtau,AQTT,+5:00
Asia/Aqtau,AQTST,+6:00
Asia/Aqtau,AQTT,+5:00
Asia/Aqtau,AQTST,+5:00
Asia/Aqtau,AQTT,+4:00
Asia/Aqtau,AQTT,+4:00
Asia/Aqtau,AQTT,+5:00
Asia/Jerusalem,LMT,+2:20
Asia/Jerusalem,JMT,+2:20
Asia/Jerusalem,IDT,+3:00
Asia/Jerusalem,IST,+2:00
Asia/Jerusalem,IDDT,+4:00
Asia/Jerusalem,IDT,+3:00
Asia/Tel_Aviv,LMT,+2:20
Asia/Tel_Aviv,JMT,+2:20
Asia/Tel_Aviv,IDT,+3:00
Asia/Tel_Aviv,IST,+2:00
Asia/Tel_Aviv,IDDT,+4:00
Asia/Tel_Aviv,IDT,+3:00
Asia/Yakutsk,LMT,+8:38
Asia/Yakutsk,YAKT,+8:00
Asia/Yakutsk,YAKST,+10:00
Asia/Yakutsk,YAKT,+9:00
Asia/Yakutsk,YAKT,+9:00
Asia/Yakutsk,YAKST,+10:00
Asia/Yakutsk,YAKST,+9:00
Asia/Yakutsk,YAKT,+8:00
Asia/Yakutsk,YAKT,+10:00
Asia/Yakutsk,YAKST,+10:00
Asia/Yakutsk,YAKT,+9:00
Asia/Ashkhabad,LMT,+3:53
Asia/Ashkhabad,ASHT,+4:00
Asia/Ashkhabad,ASHST,+6:00
Asia/Ashkhabad,ASHT,+5:00
Asia/Ashkhabad,ASHT,+5:00
Asia/Ashkhabad,ASHST,+6:00
Asia/Ashkhabad,ASHST,+5:00
Asia/Ashkhabad,ASHT,+4:00
Asia/Ashkhabad,TMT,+4:00
Asia/Ashkhabad,TMT,+5:00
Asia/Magadan,LMT,+10:03
Asia/Magadan,MAGT,+10:00
Asia/Magadan,MAGST,+12:00
Asia/Magadan,MAGT,+11:00
Asia/Magadan,MAGT,+11:00
Asia/Magadan,MAGST,+12:00
Asia/Magadan,MAGST,+11:00
Asia/Magadan,MAGT,+10:00
Asia/Magadan,MAGT,+12:00
Asia/Magadan,MAGST,+12:00
Asia/Magadan,MAGT,+10:00
Asia/Thimbu,LMT,+5:58
Asia/Thimbu,IST,+5:30
Asia/Thimbu,BTT,+6:00
Asia/Riyadh,LMT,+3:06
Asia/Riyadh,AST,+3:00
Asia/Amman,LMT,+2:23
Asia/Amman,EEST,+3:00
Asia/Amman,EET,+2:00
Asia/Amman,EET,+2:00
Asia/Amman,EEST,+3:00
Asia/Dacca,LMT,+6:01
Asia/Dacca,HMT,+5:53
Asia/Dacca,BURT,+6:30
Asia/Dacca,IST,+5:30
Asia/Dacca,DACT,+6:00
Asia/Dacca,BDT,+6:00
Asia/Dacca,BDST,+7:00
Asia/Urumqi,LMT,+5:50
Asia/Urumqi,XJT,+6:00
Asia/Ho_Chi_Minh,LMT,+7:06
Asia/Ho_Chi_Minh,PLMT,+7:06
Asia/Ho_Chi_Minh,ICT,+7:00
Asia/Ho_Chi_Minh,IDT,+8:00
Asia/Ho_Chi_Minh,JST,+9:00
Asia/Ho_Chi_Minh,ICT,+7:00
Asia/Kamchatka,LMT,+10:34
Asia/Kamchatka,PETT,+11:00
Asia/Kamchatka,PETST,+13:00
Asia/Kamchatka,PETT,+12:00
Asia/Kamchatka,PETT,+12:00
Asia/Kamchatka,PETST,+13:00
Asia/Kamchatka,PETST,+12:00
Asia/Kamchatka,PETT,+11:00
Asia/Kamchatka,PETT,+12:00
Asia/Katmandu,LMT,+5:41
Asia/Katmandu,IST,+5:30
Asia/Katmandu,NPT,+5:45
Asia/Nicosia,LMT,+2:13
Asia/Nicosia,EEST,+3:00
Asia/Nicosia,EET,+2:00
Asia/Nicosia,EET,+2:00
Asia/Nicosia,EEST,+3:00
Asia/Krasnoyarsk,LMT,+6:11
Asia/Krasnoyarsk,KRAT,+6:00
Asia/Krasnoyarsk,KRAST,+8:00
Asia/Krasnoyarsk,KRAT,+7:00
Asia/Krasnoyarsk,KRAT,+7:00
Asia/Krasnoyarsk,KRAST,+8:00
Asia/Krasnoyarsk,KRAST,+7:00
Asia/Krasnoyarsk,KRAT,+6:00
Asia/Krasnoyarsk,KRAT,+8:00
Asia/Krasnoyarsk,KRAST,+8:00
Asia/Krasnoyarsk,KRAT,+7:00
Asia/Kashgar,LMT,+5:50
Asia/Kashgar,XJT,+6:00
Asia/Harbin,LMT,+8:05
Asia/Harbin,CDT,+9:00
Asia/Harbin,CST,+8:00
Asia/Kuching,LMT,+7:21
Asia/Kuching,BORT,+7:30
Asia/Kuching,BORTST,+8:20
Asia/Kuching,BORT,+8:00
Asia/Kuching,JST,+9:00
Asia/Kuching,MYT,+8:00
Asia/Singapore,LMT,+6:55
Asia/Singapore,SMT,+6:55
Asia/Singapore,MALT,+7:00
Asia/Singapore,MALST,+7:20
Asia/Singapore,MALT,+7:20
Asia/Singapore,MALT,+7:30
Asia/Singapore,JST,+9:00
Asia/Singapore,SGT,+7:30
Asia/Singapore,SGT,+8:00
Asia/Thimphu,LMT,+5:58
Asia/Thimphu,IST,+5:30
Asia/Thimphu,BTT,+6:00
Asia/Hong_Kong,LMT,+7:36
Asia/Hong_Kong,HKST,+9:00
Asia/Hong_Kong,HKT,+8:00
Asia/Hong_Kong,JST,+9:00
Asia/Hong_Kong,HKT,+8:00
Asia/Dushanbe,LMT,+4:35
Asia/Dushanbe,DUST,+5:00
Asia/Dushanbe,DUSST,+7:00
Asia/Dushanbe,DUST,+6:00
Asia/Dushanbe,DUST,+6:00
Asia/Dushanbe,DUSST,+7:00
Asia/Dushanbe,DUSST,+6:00
Asia/Dushanbe,TJT,+5:00
Asia/Samarkand,LMT,+4:27
Asia/Samarkand,SAMT,+4:00
Asia/Samarkand,SAMT,+5:00
Asia/Samarkand,SAMST,+6:00
Asia/Samarkand,TAST,+6:00
Asia/Samarkand,SAMT,+5:00
Asia/Samarkand,SAMST,+6:00
Asia/Samarkand,UZT,+5:00
Asia/Samarkand,UZST,+6:00
Asia/Samarkand,UZT,+5:00
Asia/Qatar,LMT,+3:26
Asia/Qatar,GST,+4:00
Asia/Qatar,AST,+3:00
Asia/Aqtobe,LMT,+3:48
Asia/Aqtobe,AKTT,+4:00
Asia/Aqtobe,AKTT,+5:00
Asia/Aqtobe,AKTST,+6:00
Asia/Aqtobe,AKTT,+6:00
Asia/Aqtobe,AKTT,+5:00
Asia/Aqtobe,AKTST,+6:00
Asia/Aqtobe,AQTST,+6:00
Asia/Aqtobe,AQTT,+5:00
Asia/Aqtobe,AQTST,+6:00
Asia/Aqtobe,AQTT,+5:00
Asia/Bishkek,LMT,+4:58
Asia/Bishkek,FRUT,+5:00
Asia/Bishkek,FRUST,+7:00
Asia/Bishkek,FRUT,+6:00
Asia/Bishkek,FRUT,+6:00
Asia/Bishkek,FRUST,+7:00
Asia/Bishkek,FRUST,+6:00
Asia/Bishkek,KGST,+6:00
Asia/Bishkek,KGT,+5:00
Asia/Bishkek,KGST,+6:00
Asia/Bishkek,KGT,+6:00
Asia/Jakarta,LMT,+7:07
Asia/Jakarta,BMT,+7:07
Asia/Jakarta,JAVT,+7:20
Asia/Jakarta,WIB,+7:30
Asia/Jakarta,JST,+9:00
Asia/Jakarta,WIB,+8:00
Asia/Jakarta,WIB,+7:00
Asia/Tehran,LMT,+3:25
Asia/Tehran,TMT,+3:25
Asia/Tehran,IRST,+3:30
Asia/Tehran,IRDT,+5:00
Asia/Tehran,IRST,+4:00
Asia/Tehran,IRDT,+4:30
Asia/Tehran,IRST,+3:30
Asia/Kuala_Lumpur,LMT,+6:46
Asia/Kuala_Lumpur,SMT,+6:55
Asia/Kuala_Lumpur,MALT,+7:00
Asia/Kuala_Lumpur,MALST,+7:20
Asia/Kuala_Lumpur,MALT,+7:20
Asia/Kuala_Lumpur,MALT,+7:30
Asia/Kuala_Lumpur,JST,+9:00
Asia/Kuala_Lumpur,MYT,+8:00
Asia/Khandyga,LMT,+9:02
Asia/Khandyga,YAKT,+8:00
Asia/Khandyga,YAKST,+10:00
Asia/Khandyga,YAKT,+9:00
Asia/Khandyga,YAKT,+9:00
Asia/Khandyga,YAKST,+10:00
Asia/Khandyga,YAKST,+9:00
Asia/Khandyga,YAKT,+8:00
Asia/Khandyga,VLAST,+11:00
Asia/Khandyga,VLAT,+10:00
Asia/Khandyga,VLAT,+10:00
Asia/Khandyga,VLAT,+11:00
Asia/Khandyga,YAKT,+10:00
Asia/Khandyga,YAKT,+9:00
Asia/Ulaanbaatar,LMT,+7:07
Asia/Ulaanbaatar,ULAT,+7:00
Asia/Ulaanbaatar,ULAST,+9:00
Asia/Ulaanbaatar,ULAT,+8:00
Asia/Rangoon,LMT,+6:24
Asia/Rangoon,RMT,+6:24
Asia/Rangoon,BURT,+6:30
Asia/Rangoon,JST,+9:00
Asia/Rangoon,MMT,+6:30
Asia/Brunei,LMT,+7:39
Asia/Brunei,BNT,+7:30
Asia/Brunei,BNT,+8:00
Asia/Anadyr,LMT,+11:49
Asia/Anadyr,ANAT,+12:00
Asia/Anadyr,ANAST,+14:00
Asia/Anadyr,ANAT,+13:00
Asia/Anadyr,ANAST,+13:00
Asia/Anadyr,ANAT,+12:00
Asia/Anadyr,ANAST,+13:00
Asia/Anadyr,ANAST,+12:00
Asia/Anadyr,ANAT,+11:00
Asia/Anadyr,ANAT,+12:00
Asia/Karachi,LMT,+4:28
Asia/Karachi,IST,+5:30
Asia/Karachi,IST,+6:30
Asia/Karachi,KART,+5:00
Asia/Karachi,PKST,+6:00
Asia/Karachi,PKT,+5:00
Asia/Novosibirsk,LMT,+5:31
Asia/Novosibirsk,NOVT,+6:00
Asia/Novosibirsk,NOVST,+8:00
Asia/Novosibirsk,NOVT,+7:00
Asia/Novosibirsk,NOVT,+7:00
Asia/Novosibirsk,NOVST,+8:00
Asia/Novosibirsk,NOVST,+7:00
Asia/Novosibirsk,NOVT,+6:00
Asia/Novosibirsk,NOVST,+7:00
Asia/Macao,LMT,+7:34
Asia/Macao,MOST,+9:00
Asia/Macao,MOT,+8:00
Asia/Macao,CST,+8:00
Asia/Jayapura,LMT,+9:22
Asia/Jayapura,WIT,+9:00
Asia/Jayapura,ACST,+9:30
Asia/Jayapura,WIT,+9:00
Asia/Dubai,LMT,+3:41
Asia/Dubai,GST,+4:00
Asia/Shanghai,LMT,+8:05
Asia/Shanghai,CDT,+9:00
Asia/Shanghai,CST,+8:00
Asia/Novokuznetsk,LMT,+5:48
Asia/Novokuznetsk,KRAT,+6:00
Asia/Novokuznetsk,KRAST,+8:00
Asia/Novokuznetsk,KRAT,+7:00
Asia/Novokuznetsk,KRAT,+7:00
Asia/Novokuznetsk,KRAST,+8:00
Asia/Novokuznetsk,KRAST,+7:00
Asia/Novokuznetsk,KRAT,+6:00
Asia/Novokuznetsk,NOVST,+7:00
Asia/Novokuznetsk,NOVT,+6:00
Asia/Novokuznetsk,NOVT,+7:00
Asia/Bangkok,LMT,+6:42
Asia/Bangkok,BMT,+6:42
Asia/Bangkok,ICT,+7:00
Asia/Seoul,LMT,+8:27
Asia/Seoul,KST,+8:30
Asia/Seoul,JCST,+9:00
Asia/Seoul,JST,+9:00
Asia/Seoul,KST,+9:00
Asia/Seoul,KDT,+9:30
Asia/Seoul,KDT,+10:00
Asia/Baku,LMT,+3:19
Asia/Baku,BAKT,+3:00
Asia/Baku,BAKST,+5:00
Asia/Baku,BAKT,+4:00
Asia/Baku,BAKT,+4:00
Asia/Baku,BAKST,+5:00
Asia/Baku,BAKST,+4:00
Asia/Baku,AZT,+3:00
Asia/Baku,AZST,+4:00
Asia/Baku,AZT,+4:00
Asia/Baku,AZST,+5:00
Asia/Baku,AZT,+4:00
Asia/Baku,AZST,+5:00
Asia/Tbilisi,LMT,+2:59
Asia/Tbilisi,TBMT,+2:59
Asia/Tbilisi,TBIT,+3:00
Asia/Tbilisi,TBIST,+5:00
Asia/Tbilisi,TBIT,+4:00
Asia/Tbilisi,TBIT,+4:00
Asia/Tbilisi,TBIST,+5:00
Asia/Tbilisi,TBIST,+4:00
Asia/Tbilisi,GET,+3:00
Asia/Tbilisi,GEST,+4:00
Asia/Tbilisi,GET,+3:00
Asia/Tbilisi,GEST,+5:00
Asia/Tbilisi,GET,+4:00
Asia/Tbilisi,GEST,+4:00
Asia/Phnom_Penh,LMT,+6:42
Asia/Phnom_Penh,BMT,+6:42
Asia/Phnom_Penh,ICT,+7:00
Asia/Colombo,LMT,+5:19
Asia/Colombo,MMT,+5:19
Asia/Colombo,IST,+5:30
Asia/Colombo,IHST,+6:00
Asia/Colombo,IST,+6:30
Asia/Colombo,LKT,+6:30
Asia/Colombo,LKT,+6:00
Asia/Colombo,IST,+5:30
Asia/Pontianak,LMT,+7:17
Asia/Pontianak,PMT,+7:17
Asia/Pontianak,WIB,+7:30
Asia/Pontianak,JST,+9:00
Asia/Pontianak,WIB,+8:00
Asia/Pontianak,WITA,+8:00
Asia/Pontianak,WIB,+7:00
Asia/Calcutta,LMT,+5:53
Asia/Calcutta,HMT,+5:53
Asia/Calcutta,BURT,+6:30
Asia/Calcutta,IST,+5:30
Asia/Calcutta,IST,+6:30
Asia/Chungking,LMT,+8:05
Asia/Chungking,CDT,+9:00
Asia/Chungking,CST,+8:00
Atlantic/Bermuda,LMT,-4:19
Atlantic/Bermuda,AST,-4:00
Atlantic/Bermuda,ADT,-3:00
Atlantic/Stanley,LMT,-3:51
Atlantic/Stanley,SMT,-3:51
Atlantic/Stanley,FKST,-3:00
Atlantic/Stanley,FKT,-4:00
Atlantic/Stanley,FKST,-2:00
Atlantic/Stanley,FKT,-3:00
Atlantic/Stanley,FKST,-3:00
Atlantic/Stanley,FKST,-3:00
Atlantic/Faeroe,LMT,+0:27
Atlantic/Faeroe,WET,+0:00
Atlantic/Faeroe,WEST,+1:00
Atlantic/Faeroe,WET,+0:00
Atlantic/Azores,LMT,-1:42
Atlantic/Azores,HMT,-1:54
Atlantic/Azores,AZOST,-1:00
Atlantic/Azores,AZOT,-2:00
Atlantic/Azores,AZOST,-1:00
Atlantic/Azores,AZOT,-2:00
Atlantic/Azores,AZOMT,+0:00
Atlantic/Azores,AZOST,+0:00
Atlantic/Azores,AZOT,-1:00
Atlantic/Azores,AZOT,-1:00
Atlantic/Azores,WET,+0:00
Atlantic/Azores,AZOST,+0:00
Atlantic/Azores,AZOT,-1:00
Atlantic/St_Helena,LMT,+0:16
Atlantic/St_Helena,GMT,+0:00
Atlantic/Jan_Mayen,LMT,+0:43
Atlantic/Jan_Mayen,CEST,+2:00
Atlantic/Jan_Mayen,CET,+1:00
Atlantic/Jan_Mayen,CET,+1:00
Atlantic/Jan_Mayen,CEST,+2:00
Atlantic/Jan_Mayen,CEST,+2:00
Atlantic/Jan_Mayen,CET,+1:00
Atlantic/Canary,LMT,-1:01
Atlantic/Canary,CANT,-1:00
Atlantic/Canary,WET,+0:00
Atlantic/Canary,WEST,+1:00
Atlantic/Canary,WET,+0:00
Atlantic/Canary,WEST,+1:00
Atlantic/South_Georgia,GST,-2:00
Atlantic/Madeira,LMT,-1:07
Atlantic/Madeira,FMT,-1:07
Atlantic/Madeira,MADST,+0:00
Atlantic/Madeira,MADT,-1:00
Atlantic/Madeira,MADST,+0:00
Atlantic/Madeira,MADT,-1:00
Atlantic/Madeira,MADMT,+1:00
Atlantic/Madeira,WEST,+1:00
Atlantic/Madeira,WET,+0:00
Atlantic/Madeira,WET,+0:00
Atlantic/Madeira,WET,+0:00
Atlantic/Madeira,WEST,+1:00
Atlantic/Reykjavik,LMT,-1:28
Atlantic/Reykjavik,ISST,+0:00
Atlantic/Reykjavik,IST,-1:00
Atlantic/Reykjavik,IST,-1:00
Atlantic/Reykjavik,ISST,+0:00
Atlantic/Reykjavik,GMT,+0:00
Atlantic/Faroe,LMT,+0:27
Atlantic/Faroe,WET,+0:00
Atlantic/Faroe,WEST,+1:00
Atlantic/Faroe,WET,+0:00
Atlantic/Cape_Verde,LMT,-1:34
Atlantic/Cape_Verde,CVT,-2:00
Atlantic/Cape_Verde,CVST,-1:00
Atlantic/Cape_Verde,CVT,-1:00
Australia/Melbourne,LMT,+9:39
Australia/Melbourne,AEDT,+11:00
Australia/Melbourne,AEST,+10:00
Australia/Melbourne,AEDT,+11:00
Australia/Melbourne,AEST,+10:00
Australia/West,LMT,+7:43
Australia/West,AWDT,+9:00
Australia/West,AWST,+8:00
Australia/West,AWDT,+9:00
Australia/West,AWST,+8:00
Australia/Perth,LMT,+7:43
Australia/Perth,AWDT,+9:00
Australia/Perth,AWST,+8:00
Australia/Perth,AWDT,+9:00
Australia/Perth,AWST,+8:00
Australia/South,ACST,+9:00
Australia/South,ACDT,+10:30
Australia/South,ACST,+9:30
Australia/South,ACDT,+10:30
Australia/South,ACST,+9:30
Australia/ACT,LMT,+10:04
Australia/ACT,AEDT,+11:00
Australia/ACT,AEST,+10:00
Australia/ACT,AEDT,+11:00
Australia/ACT,AEST,+10:00
Australia/Canberra,LMT,+10:04
Australia/Canberra,AEDT,+11:00
Australia/Canberra,AEST,+10:00
Australia/Canberra,AEDT,+11:00
Australia/Canberra,AEST,+10:00
Australia/Adelaide,ACST,+9:00
Australia/Adelaide,ACDT,+10:30
Australia/Adelaide,ACST,+9:30
Australia/Adelaide,ACDT,+10:30
Australia/Adelaide,ACST,+9:30
Australia/Hobart,LMT,+9:49
Australia/Hobart,AEST,+10:00
Australia/Hobart,AEDT,+11:00
Australia/Hobart,AEDT,+11:00
Australia/Hobart,AEST,+10:00
Australia/Darwin,ACST,+9:00
Australia/Darwin,ACDT,+10:30
Australia/Darwin,ACST,+9:30
Australia/Victoria,LMT,+9:39
Australia/Victoria,AEDT,+11:00
Australia/Victoria,AEST,+10:00
Australia/Victoria,AEDT,+11:00
Australia/Victoria,AEST,+10:00
Australia/Yancowinna,ACST,+9:00
Australia/Yancowinna,ACDT,+10:30
Australia/Yancowinna,ACST,+9:30
Australia/Yancowinna,ACDT,+10:30
Australia/Yancowinna,ACST,+9:30
Australia/Brisbane,LMT,+10:12
Australia/Brisbane,AEDT,+11:00
Australia/Brisbane,AEST,+10:00
Australia/Brisbane,AEDT,+11:00
Australia/Brisbane,AEST,+10:00
Australia/Sydney,LMT,+10:04
Australia/Sydney,AEDT,+11:00
Australia/Sydney,AEST,+10:00
Australia/Sydney,AEDT,+11:00
Australia/Sydney,AEST,+10:00
Australia/Lindeman,LMT,+9:55
Australia/Lindeman,AEDT,+11:00
Australia/Lindeman,AEST,+10:00
Australia/Lindeman,AEDT,+11:00
Australia/Lindeman,AEST,+10:00
Australia/Tasmania,LMT,+9:49
Australia/Tasmania,AEST,+10:00
Australia/Tasmania,AEDT,+11:00
Australia/Tasmania,AEDT,+11:00
Australia/Tasmania,AEST,+10:00
Australia/Currie,LMT,+9:35
Australia/Currie,AEST,+10:00
Australia/Currie,AEDT,+11:00
Australia/Currie,AEDT,+11:00
Australia/Currie,AEST,+10:00
Australia/Queensland,LMT,+10:12
Australia/Queensland,AEDT,+11:00
Australia/Queensland,AEST,+10:00
Australia/Queensland,AEDT,+11:00
Australia/Queensland,AEST,+10:00
Australia/Lord_Howe,LMT,+10:36
Australia/Lord_Howe,AEST,+10:00
Australia/Lord_Howe,LHDT,+11:30
Australia/Lord_Howe,LHST,+10:30
Australia/Lord_Howe,LHDT,+11:00
Australia/NSW,LMT,+10:04
Australia/NSW,AEDT,+11:00
Australia/NSW,AEST,+10:00
Australia/NSW,AEDT,+11:00
Australia/NSW,AEST,+10:00
Australia/Eucla,LMT,+8:35
Australia/Eucla,ACWDT,+9:45
Australia/Eucla,ACWST,+8:45
Australia/Eucla,ACWDT,+9:45
Australia/Eucla,ACWST,+8:45
Australia/North,ACST,+9:00
Australia/North,ACDT,+10:30
Australia/North,ACST,+9:30
Australia/LHI,LMT,+10:36
Australia/LHI,AEST,+10:00
Australia/LHI,LHDT,+11:30
Australia/LHI,LHST,+10:30
Australia/LHI,LHDT,+11:00
Australia/Broken_Hill,ACST,+9:00
Australia/Broken_Hill,ACDT,+10:30
Australia/Broken_Hill,ACST,+9:30
Australia/Broken_Hill,ACDT,+10:30
Australia/Broken_Hill,ACST,+9:30
Brazil/West,LMT,-4:00
Brazil/West,AMST,-3:00
Brazil/West,AMT,-4:00
Brazil/Acre,LMT,-4:31
Brazil/Acre,ACST,-4:00
Brazil/Acre,ACT,-5:00
Brazil/Acre,AMT,-4:00
Brazil/Acre,ACT,-5:00
Brazil/East,LMT,-3:06
Brazil/East,BRST,-2:00
Brazil/East,BRT,-3:00
Brazil/DeNoronha,LMT,-2:09
Brazil/DeNoronha,FNST,-1:00
Brazil/DeNoronha,FNT,-2:00
Canada/Saskatchewan,LMT,-6:58
Canada/Saskatchewan,MDT,-6:00
Canada/Saskatchewan,MST,-7:00
Canada/Saskatchewan,MWT,-6:00
Canada/Saskatchewan,MPT,-6:00
Canada/Saskatchewan,CST,-6:00
Canada/Eastern,LMT,-5:17
Canada/Eastern,EDT,-4:00
Canada/Eastern,EST,-5:00
Canada/Eastern,EWT,-4:00
Canada/Eastern,EPT,-4:00
Canada/Pacific,LMT,-8:12
Canada/Pacific,PDT,-7:00
Canada/Pacific,PST,-8:00
Canada/Pacific,PWT,-7:00
Canada/Pacific,PPT,-7:00
Canada/Newfoundland,LMT,-3:30
Canada/Newfoundland,NDT,-2:30
Canada/Newfoundland,NST,-3:30
Canada/Newfoundland,NDT,-2:30
Canada/Newfoundland,NST,-3:30
Canada/Newfoundland,NPT,-2:30
Canada/Newfoundland,NWT,-2:30
Canada/Newfoundland,NDDT,-1:30
Canada/Newfoundland,NDT,-2:30
Canada/Central,LMT,-6:28
Canada/Central,CDT,-5:00
Canada/Central,CST,-6:00
Canada/Central,CWT,-5:00
Canada/Central,CPT,-5:00
Canada/Central,CDT,-5:00
Canada/Central,CST,-6:00
Canada/Atlantic,LMT,-4:14
Canada/Atlantic,ADT,-3:00
Canada/Atlantic,AST,-4:00
Canada/Atlantic,AWT,-3:00
Canada/Atlantic,APT,-3:00
Canada/East-Saskatchewan,LMT,-6:58
Canada/East-Saskatchewan,MDT,-6:00
Canada/East-Saskatchewan,MST,-7:00
Canada/East-Saskatchewan,MWT,-6:00
Canada/East-Saskatchewan,MPT,-6:00
Canada/East-Saskatchewan,CST,-6:00
Canada/Mountain,LMT,-7:33
Canada/Mountain,MDT,-6:00
Canada/Mountain,MST,-7:00
Canada/Mountain,MWT,-6:00
Canada/Mountain,MPT,-6:00
Canada/Yukon,LMT,-9:00
Canada/Yukon,YDT,-8:00
Canada/Yukon,YST,-9:00
Canada/Yukon,YWT,-8:00
Canada/Yukon,YPT,-8:00
Canada/Yukon,YDDT,-7:00
Canada/Yukon,PST,-8:00
Canada/Yukon,PDT,-7:00
CET,CEST,+2:00
CET,CET,+1:00
CET,CEST,+2:00
CET,CET,+1:00
Chile/EasterIsland,LMT,-7:17
Chile/EasterIsland,EMT,-7:17
Chile/EasterIsland,EASST,-6:00
Chile/EasterIsland,EAST,-7:00
Chile/EasterIsland,EAST,-7:00
Chile/EasterIsland,EAST,-6:00
Chile/EasterIsland,EASST,-5:00
Chile/EasterIsland,EAST,-5:00
Chile/Continental,LMT,-4:42
Chile/Continental,SMT,-4:42
Chile/Continental,CLT,-5:00
Chile/Continental,CLT,-4:00
Chile/Continental,CLST,-4:00
Chile/Continental,CLST,-3:00
Chile/Continental,CLST,-3:00
Chile/Continental,CLT,-4:00
Chile/Continental,CLT,-3:00
CST6CDT,CDT,-5:00
CST6CDT,CST,-6:00
CST6CDT,CWT,-5:00
CST6CDT,CPT,-5:00
Cuba,LMT,-5:29
Cuba,HMT,-5:29
Cuba,CDT,-4:00
Cuba,CST,-5:00
Cuba,CST,-5:00
Cuba,CDT,-4:00
EET,EEST,+3:00
EET,EET,+2:00
Egypt,LMT,+2:05
Egypt,EEST,+3:00
Egypt,EET,+2:00
Egypt,EEST,+3:00
Eire,LMT,+0:25
Eire,DMT,+0:25
Eire,IST,+0:34
Eire,BST,+1:00
Eire,GMT,+0:00
Eire,IST,+1:00
Eire,GMT,+0:00
Eire,IST,+1:00
Eire,IST,+1:00
Eire,IST,+1:00
Eire,GMT,+0:00
EST,EST,-5:00
EST5EDT,EDT,-4:00
EST5EDT,EST,-5:00
EST5EDT,EWT,-4:00
EST5EDT,EPT,-4:00
Etc/GMT0,GMT,+0:00
Etc/GMT-10,GMT-10,+10:00
Etc/GMT+8,GMT+8,-8:00
Etc/Zulu,UTC,+0:00
Etc/GMT-5,GMT-5,+5:00
Etc/GMT+5,GMT+5,-5:00
Etc/GMT-12,GMT-12,+12:00
Etc/GMT+6,GMT+6,-6:00
Etc/GMT-13,GMT-13,+13:00
Etc/GMT+10,GMT+10,-10:00
Etc/GMT-8,GMT-8,+8:00
Etc/GMT+0,GMT,+0:00
Etc/UCT,UCT,+0:00
Etc/GMT+3,GMT+3,-3:00
Etc/Universal,UTC,+0:00
Etc/GMT-0,GMT,+0:00
Etc/GMT-1,GMT-1,+1:00
Etc/GMT+9,GMT+9,-9:00
Etc/GMT+4,GMT+4,-4:00
Etc/GMT-14,GMT-14,+14:00
Etc/GMT-4,GMT-4,+4:00
Etc/GMT-3,GMT-3,+3:00
Etc/GMT-9,GMT-9,+9:00
Etc/GMT+11,GMT+11,-11:00
Etc/GMT-2,GMT-2,+2:00
Etc/GMT+12,GMT+12,-12:00
Etc/GMT+2,GMT+2,-2:00
Etc/GMT,GMT,+0:00
Etc/Greenwich,GMT,+0:00
Etc/GMT-7,GMT-7,+7:00
Etc/GMT-11,GMT-11,+11:00
Etc/GMT-6,GMT-6,+6:00
Etc/GMT+1,GMT+1,-1:00
Etc/UTC,UTC,+0:00
Etc/GMT+7,GMT+7,-7:00
Europe/Mariehamn,LMT,+1:39
Europe/Mariehamn,HMT,+1:39
Europe/Mariehamn,EEST,+3:00
Europe/Mariehamn,EET,+2:00
Europe/Mariehamn,EEST,+3:00
Europe/Mariehamn,EET,+2:00
Europe/Oslo,LMT,+0:43
Europe/Oslo,CEST,+2:00
Europe/Oslo,CET,+1:00
Europe/Oslo,CET,+1:00
Europe/Oslo,CEST,+2:00
Europe/Oslo,CEST,+2:00
Europe/Oslo,CET,+1:00
Europe/Malta,LMT,+0:58
Europe/Malta,CEST,+2:00
Europe/Malta,CET,+1:00
Europe/Malta,CEST,+2:00
Europe/Malta,CET,+1:00
Europe/Malta,CEST,+2:00
Europe/Malta,CET,+1:00
Europe/Berlin,LMT,+0:53
Europe/Berlin,CEST,+2:00
Europe/Berlin,CET,+1:00
Europe/Berlin,CEST,+2:00
Europe/Berlin,CET,+1:00
Europe/Berlin,CEMT,+3:00
Europe/Berlin,CEMT,+3:00
Europe/Berlin,CEST,+2:00
Europe/Berlin,CET,+1:00
Europe/Dublin,LMT,+0:25
Europe/Dublin,DMT,+0:25
Europe/Dublin,IST,+0:34
Europe/Dublin,BST,+1:00
Europe/Dublin,GMT,+0:00
Europe/Dublin,IST,+1:00
Europe/Dublin,GMT,+0:00
Europe/Dublin,IST,+1:00
Europe/Dublin,IST,+1:00
Europe/Dublin,IST,+1:00
Europe/Dublin,GMT,+0:00
Europe/Riga,LMT,+1:36
Europe/Riga,RMT,+1:36
Europe/Riga,LST,+2:36
Europe/Riga,EET,+2:00
Europe/Riga,MSK,+3:00
Europe/Riga,CET,+1:00
Europe/Riga,CEST,+2:00
Europe/Riga,CEST,+2:00
Europe/Riga,MSD,+4:00
Europe/Riga,MSK,+3:00
Europe/Riga,MSD,+4:00
Europe/Riga,EEST,+3:00
Europe/Riga,EET,+2:00
Europe/Riga,EEST,+3:00
Europe/Riga,EET,+2:00
Europe/London,LMT,+0:01
Europe/London,BST,+1:00
Europe/London,GMT,+0:00
Europe/London,BDST,+2:00
Europe/London,BST,+1:00
Europe/London,BST,+1:00
Europe/London,GMT,+0:00
Europe/London,GMT,+0:00
Europe/Tiraspol,LMT,+1:55
Europe/Tiraspol,CMT,+1:55
Europe/Tiraspol,BMT,+1:44
Europe/Tiraspol,EEST,+3:00
Europe/Tiraspol,EET,+2:00
Europe/Tiraspol,EET,+2:00
Europe/Tiraspol,EEST,+3:00
Europe/Tiraspol,CET,+1:00
Europe/Tiraspol,CEST,+2:00
Europe/Tiraspol,CEST,+2:00
Europe/Tiraspol,MSD,+4:00
Europe/Tiraspol,MSK,+3:00
Europe/Tiraspol,MSK,+3:00
Europe/Tiraspol,MSD,+4:00
Europe/Tiraspol,EEST,+3:00
Europe/Tiraspol,EET,+2:00
Europe/Uzhgorod,LMT,+1:29
Europe/Uzhgorod,CET,+1:00
Europe/Uzhgorod,CEST,+2:00
Europe/Uzhgorod,CET,+1:00
Europe/Uzhgorod,CEST,+2:00
Europe/Uzhgorod,MSD,+4:00
Europe/Uzhgorod,MSK,+3:00
Europe/Uzhgorod,MSK,+3:00
Europe/Uzhgorod,MSD,+4:00
Europe/Uzhgorod,EET,+2:00
Europe/Uzhgorod,EEST,+3:00
Europe/Uzhgorod,EEST,+3:00
Europe/Uzhgorod,EET,+2:00
Europe/Ljubljana,LMT,+1:22
Europe/Ljubljana,CET,+1:00
Europe/Ljubljana,CET,+1:00
Europe/Ljubljana,CEST,+2:00
Europe/Ljubljana,CEST,+2:00
Europe/Ljubljana,CEST,+2:00
Europe/Ljubljana,CET,+1:00
Europe/Vatican,RMT,+0:49
Europe/Vatican,CEST,+2:00
Europe/Vatican,CET,+1:00
Europe/Vatican,CEST,+2:00
Europe/Vatican,CET,+1:00
Europe/Vatican,CEST,+2:00
Europe/Vatican,CET,+1:00
Europe/Jersey,LMT,+0:01
Europe/Jersey,BST,+1:00
Europe/Jersey,GMT,+0:00
Europe/Jersey,BDST,+2:00
Europe/Jersey,BST,+1:00
Europe/Jersey,BST,+1:00
Europe/Jersey,GMT,+0:00
Europe/Jersey,GMT,+0:00
Europe/Warsaw,LMT,+1:24
Europe/Warsaw,WMT,+1:24
Europe/Warsaw,CEST,+2:00
Europe/Warsaw,CET,+1:00
Europe/Warsaw,CEST,+2:00
Europe/Warsaw,CET,+1:00
Europe/Warsaw,EEST,+3:00
Europe/Warsaw,EET,+2:00
Europe/Warsaw,EET,+2:00
Europe/Warsaw,CEST,+2:00
Europe/Warsaw,CET,+1:00
Europe/Helsinki,LMT,+1:39
Europe/Helsinki,HMT,+1:39
Europe/Helsinki,EEST,+3:00
Europe/Helsinki,EET,+2:00
Europe/Helsinki,EEST,+3:00
Europe/Helsinki,EET,+2:00
Europe/Tallinn,LMT,+1:39
Europe/Tallinn,TMT,+1:39
Europe/Tallinn,CEST,+2:00
Europe/Tallinn,CET,+1:00
Europe/Tallinn,CET,+1:00
Europe/Tallinn,EET,+2:00
Europe/Tallinn,MSK,+3:00
Europe/Tallinn,CEST,+2:00
Europe/Tallinn,MSD,+4:00
Europe/Tallinn,MSK,+3:00
Europe/Tallinn,MSD,+4:00
Europe/Tallinn,EEST,+3:00
Europe/Tallinn,EET,+2:00
Europe/Tallinn,EET,+2:00
Europe/Tallinn,EEST,+3:00
Europe/Tallinn,EEST,+3:00
Europe/Andorra,LMT,+0:06
Europe/Andorra,WET,+0:00
Europe/Andorra,CET,+1:00
Europe/Andorra,CEST,+2:00
Europe/Andorra,CET,+1:00
Europe/Zaporozhye,LMT,+2:20
Europe/Zaporozhye,CUT,+2:20
Europe/Zaporozhye,EET,+2:00
Europe/Zaporozhye,MSK,+3:00
Europe/Zaporozhye,CET,+1:00
Europe/Zaporozhye,CEST,+2:00
Europe/Zaporozhye,CEST,+2:00
Europe/Zaporozhye,MSD,+4:00
Europe/Zaporozhye,MSK,+3:00
Europe/Zaporozhye,MSD,+4:00
Europe/Zaporozhye,EEST,+3:00
Europe/Zaporozhye,EEST,+3:00
Europe/Zaporozhye,EET,+2:00
Europe/Tirane,LMT,+1:19
Europe/Tirane,CET,+1:00
Europe/Tirane,CEST,+2:00
Europe/Tirane,CET,+1:00
Europe/Tirane,CEST,+2:00
Europe/Minsk,LMT,+1:50
Europe/Minsk,MMT,+1:50
Europe/Minsk,EET,+2:00
Europe/Minsk,MSK,+3:00
Europe/Minsk,CET,+1:00
Europe/Minsk,CEST,+2:00
Europe/Minsk,CEST,+2:00
Europe/Minsk,MSD,+4:00
Europe/Minsk,MSK,+3:00
Europe/Minsk,MSD,+4:00
Europe/Minsk,EEST,+3:00
Europe/Minsk,EET,+2:00
Europe/Minsk,FET,+3:00
Europe/Vienna,LMT,+1:05
Europe/Vienna,CEST,+2:00
Europe/Vienna,CET,+1:00
Europe/Vienna,CEST,+2:00
Europe/Vienna,CET,+1:00
Europe/Vienna,CEST,+2:00
Europe/Vienna,CET,+1:00
Europe/Amsterdam,LMT,+0:19
Europe/Amsterdam,NST,+1:19
Europe/Amsterdam,AMT,+0:19
Europe/Amsterdam,NST,+1:19
Europe/Amsterdam,AMT,+0:19
Europe/Amsterdam,NET,+0:20
Europe/Amsterdam,NEST,+1:20
Europe/Amsterdam,NEST,+1:20
Europe/Amsterdam,CET,+1:00
Europe/Amsterdam,CEST,+2:00
Europe/Amsterdam,CEST,+2:00
Europe/Amsterdam,CEST,+2:00
Europe/Amsterdam,CET,+1:00
Europe/Amsterdam,CET,+1:00
Europe/Luxembourg,LMT,+0:24
Europe/Luxembourg,CEST,+2:00
Europe/Luxembourg,CET,+1:00
Europe/Luxembourg,CEST,+2:00
Europe/Luxembourg,CET,+1:00
Europe/Luxembourg,WEST,+1:00
Europe/Luxembourg,WET,+0:00
Europe/Luxembourg,WET,+0:00
Europe/Luxembourg,WEST,+1:00
Europe/Luxembourg,WET,+1:00
Europe/Luxembourg,WEST,+2:00
Europe/Luxembourg,WEST,+2:00
Europe/Luxembourg,CEST,+2:00
Europe/Luxembourg,CET,+1:00
Europe/Bratislava,PMT,+0:57
Europe/Bratislava,CEST,+2:00
Europe/Bratislava,CET,+1:00
Europe/Bratislava,CEST,+2:00
Europe/Bratislava,CET,+1:00
Europe/Bratislava,CEST,+2:00
Europe/Bratislava,CET,+1:00
Europe/Sofia,IMT,+1:56
Europe/Sofia,EET,+2:00
Europe/Sofia,CET,+1:00
Europe/Sofia,CEST,+2:00
Europe/Sofia,CET,+1:00
Europe/Sofia,EEST,+3:00
Europe/Sofia,EET,+2:00
Europe/Sofia,EEST,+3:00
Europe/Sofia,EEST,+3:00
Europe/Sofia,EET,+2:00
Europe/Istanbul,LMT,+1:55
Europe/Istanbul,IMT,+1:56
Europe/Istanbul,EEST,+3:00
Europe/Istanbul,EET,+2:00
Europe/Istanbul,TRST,+4:00
Europe/Istanbul,TRT,+3:00
Europe/Istanbul,EEST,+3:00
Europe/Istanbul,EET,+2:00
Europe/Istanbul,EEST,+3:00
Europe/Istanbul,EET,+2:00
Europe/Monaco,LMT,+0:29
Europe/Monaco,PMT,+0:09
Europe/Monaco,WEST,+1:00
Europe/Monaco,WET,+0:00
Europe/Monaco,WEST,+1:00
Europe/Monaco,WEMT,+2:00
Europe/Monaco,WET,+0:00
Europe/Monaco,CEST,+2:00
Europe/Monaco,CET,+1:00
Europe/Monaco,CEST,+2:00
Europe/Monaco,CET,+1:00
Europe/Chisinau,LMT,+1:55
Europe/Chisinau,CMT,+1:55
Europe/Chisinau,BMT,+1:44
Europe/Chisinau,EEST,+3:00
Europe/Chisinau,EET,+2:00
Europe/Chisinau,EET,+2:00
Europe/Chisinau,EEST,+3:00
Europe/Chisinau,CET,+1:00
Europe/Chisinau,CEST,+2:00
Europe/Chisinau,CEST,+2:00
Europe/Chisinau,MSD,+4:00
Europe/Chisinau,MSK,+3:00
Europe/Chisinau,MSK,+3:00
Europe/Chisinau,MSD,+4:00
Europe/Chisinau,EEST,+3:00
Europe/Chisinau,EET,+2:00
Europe/Sarajevo,LMT,+1:22
Europe/Sarajevo,CET,+1:00
Europe/Sarajevo,CET,+1:00
Europe/Sarajevo,CEST,+2:00
Europe/Sarajevo,CEST,+2:00
Europe/Sarajevo,CEST,+2:00
Europe/Sarajevo,CET,+1:00
Europe/Moscow,LMT,+2:30
Europe/Moscow,MMT,+2:30
Europe/Moscow,MST,+3:31
Europe/Moscow,MMT,+2:31
Europe/Moscow,MDST,+4:31
Europe/Moscow,MSK,+3:00
Europe/Moscow,MSD,+4:00
Europe/Moscow,MSM,+5:00
Europe/Moscow,EET,+2:00
Europe/Moscow,MSK,+3:00
Europe/Moscow,MSD,+4:00
Europe/Moscow,EEST,+3:00
Europe/Moscow,EET,+2:00
Europe/Moscow,MSK,+4:00
Europe/Moscow,MSD,+4:00
Europe/Moscow,MSK,+3:00
Europe/Bucharest,LMT,+1:44
Europe/Bucharest,BMT,+1:44
Europe/Bucharest,EEST,+3:00
Europe/Bucharest,EET,+2:00
Europe/Bucharest,EEST,+3:00
Europe/Bucharest,EET,+2:00
Europe/Bucharest,EEST,+3:00
Europe/Bucharest,EET,+2:00
Europe/Guernsey,LMT,+0:01
Europe/Guernsey,BST,+1:00
Europe/Guernsey,GMT,+0:00
Europe/Guernsey,BDST,+2:00
Europe/Guernsey,BST,+1:00
Europe/Guernsey,BST,+1:00
Europe/Guernsey,GMT,+0:00
Europe/Guernsey,GMT,+0:00
Europe/Vaduz,BMT,+0:29
Europe/Vaduz,CEST,+2:00
Europe/Vaduz,CET,+1:00
Europe/Vaduz,CEST,+2:00
Europe/Vaduz,CET,+1:00
Europe/Simferopol,LMT,+2:16
Europe/Simferopol,SMT,+2:16
Europe/Simferopol,EET,+2:00
Europe/Simferopol,MSK,+3:00
Europe/Simferopol,CET,+1:00
Europe/Simferopol,CEST,+2:00
Europe/Simferopol,CEST,+2:00
Europe/Simferopol,MSD,+4:00
Europe/Simferopol,MSK,+3:00
Europe/Simferopol,MSD,+4:00
Europe/Simferopol,EEST,+3:00
Europe/Simferopol,EEST,+3:00
Europe/Simferopol,EET,+2:00
Europe/Simferopol,MSK,+4:00
Europe/Simferopol,MSK,+3:00
Europe/Athens,LMT,+1:34
Europe/Athens,AMT,+1:34
Europe/Athens,EEST,+3:00
Europe/Athens,EET,+2:00
Europe/Athens,CET,+1:00
Europe/Athens,CEST,+2:00
Europe/Athens,EEST,+3:00
Europe/Athens,EET,+2:00
Europe/Athens,EEST,+3:00
Europe/Athens,EET,+2:00
Europe/Nicosia,LMT,+2:13
Europe/Nicosia,EEST,+3:00
Europe/Nicosia,EET,+2:00
Europe/Nicosia,EET,+2:00
Europe/Nicosia,EEST,+3:00
Europe/Zurich,BMT,+0:29
Europe/Zurich,CEST,+2:00
Europe/Zurich,CET,+1:00
Europe/Zurich,CEST,+2:00
Europe/Zurich,CET,+1:00
Europe/Samara,LMT,+3:20
Europe/Samara,SAMT,+3:00
Europe/Samara,SAMT,+4:00
Europe/Samara,KUYST,+5:00
Europe/Samara,KUYT,+4:00
Europe/Samara,KUYT,+4:00
Europe/Samara,KUYST,+5:00
Europe/Samara,MSD,+4:00
Europe/Samara,MSK,+3:00
Europe/Samara,EEST,+3:00
Europe/Samara,EET,+2:00
Europe/Samara,KUYT,+3:00
Europe/Samara,SAMST,+5:00
Europe/Samara,SAMST,+5:00
Europe/Samara,SAMT,+4:00
Europe/Samara,SAMST,+4:00
Europe/Samara,SAMT,+3:00
Europe/Samara,SAMT,+4:00
Europe/San_Marino,RMT,+0:49
Europe/San_Marino,CEST,+2:00
Europe/San_Marino,CET,+1:00
Europe/San_Marino,CEST,+2:00
Europe/San_Marino,CET,+1:00
Europe/San_Marino,CEST,+2:00
Europe/San_Marino,CET,+1:00
Europe/Podgorica,LMT,+1:22
Europe/Podgorica,CET,+1:00
Europe/Podgorica,CET,+1:00
Europe/Podgorica,CEST,+2:00
Europe/Podgorica,CEST,+2:00
Europe/Podgorica,CEST,+2:00
Europe/Podgorica,CET,+1:00
Europe/Volgograd,LMT,+2:57
Europe/Volgograd,TSAT,+3:00
Europe/Volgograd,STAT,+3:00
Europe/Volgograd,STAT,+4:00
Europe/Volgograd,VOLST,+5:00
Europe/Volgograd,VOLT,+4:00
Europe/Volgograd,VOLT,+4:00
Europe/Volgograd,VOLST,+5:00
Europe/Volgograd,VOLST,+4:00
Europe/Volgograd,VOLT,+3:00
Europe/Volgograd,MSK,+3:00
Europe/Volgograd,MSD,+4:00
Europe/Volgograd,MSK,+3:00
Europe/Volgograd,MSK,+4:00
Europe/Volgograd,MSK,+3:00
Europe/Brussels,BMT,+0:17
Europe/Brussels,WET,+0:00
Europe/Brussels,CET,+1:00
Europe/Brussels,CEST,+2:00
Europe/Brussels,CET,+1:00
Europe/Brussels,CEST,+2:00
Europe/Brussels,WEST,+1:00
Europe/Brussels,WET,+0:00
Europe/Brussels,WET,+0:00
Europe/Brussels,CEST,+2:00
Europe/Brussels,CET,+1:00
Europe/Gibraltar,LMT,+0:21
Europe/Gibraltar,BST,+1:00
Europe/Gibraltar,GMT,+0:00
Europe/Gibraltar,BDST,+2:00
Europe/Gibraltar,CET,+1:00
Europe/Gibraltar,CEST,+2:00
Europe/Gibraltar,CET,+1:00
Europe/Lisbon,LMT,+0:36
Europe/Lisbon,WEST,+1:00
Europe/Lisbon,WET,+0:00
Europe/Lisbon,WEST,+1:00
Europe/Lisbon,WET,+0:00
Europe/Lisbon,WEMT,+2:00
Europe/Lisbon,CET,+1:00
Europe/Lisbon,CET,+1:00
Europe/Lisbon,CEST,+2:00
Europe/Lisbon,WEST,+1:00
Europe/Lisbon,WET,+0:00
Europe/Kaliningrad,LMT,+1:22
Europe/Kaliningrad,CEST,+2:00
Europe/Kaliningrad,CET,+1:00
Europe/Kaliningrad,CEST,+2:00
Europe/Kaliningrad,CET,+1:00
Europe/Kaliningrad,CEST,+3:00
Europe/Kaliningrad,CET,+2:00
Europe/Kaliningrad,MSD,+4:00
Europe/Kaliningrad,MSK,+3:00
Europe/Kaliningrad,MSK,+3:00
Europe/Kaliningrad,MSD,+4:00
Europe/Kaliningrad,EEST,+3:00
Europe/Kaliningrad,EET,+2:00
Europe/Kaliningrad,EEST,+3:00
Europe/Kaliningrad,EET,+2:00
Europe/Kaliningrad,FET,+3:00
Europe/Kaliningrad,EET,+2:00
Europe/Copenhagen,CMT,+0:50
Europe/Copenhagen,CEST,+2:00
Europe/Copenhagen,CET,+1:00
Europe/Copenhagen,CET,+1:00
Europe/Copenhagen,CEST,+2:00
Europe/Copenhagen,CEST,+2:00
Europe/Copenhagen,CET,+1:00
Europe/Paris,LMT,+0:09
Europe/Paris,PMT,+0:09
Europe/Paris,WEST,+1:00
Europe/Paris,WET,+0:00
Europe/Paris,WEST,+1:00
Europe/Paris,WET,+0:00
Europe/Paris,CET,+1:00
Europe/Paris,CEST,+2:00
Europe/Paris,CEST,+2:00
Europe/Paris,WEMT,+2:00
Europe/Paris,CET,+1:00
Europe/Paris,CEST,+2:00
Europe/Paris,CET,+1:00
Europe/Prague,PMT,+0:57
Europe/Prague,CEST,+2:00
Europe/Prague,CET,+1:00
Europe/Prague,CEST,+2:00
Europe/Prague,CET,+1:00
Europe/Prague,CEST,+2:00
Europe/Prague,CET,+1:00
Europe/Madrid,LMT,+0:14
Europe/Madrid,WEST,+1:00
Europe/Madrid,WET,+0:00
Europe/Madrid,WEMT,+2:00
Europe/Madrid,WEST,+1:00
Europe/Madrid,CEST,+2:00
Europe/Madrid,CET,+1:00
Europe/Madrid,CEST,+2:00
Europe/Madrid,CET,+1:00
Europe/Skopje,LMT,+1:22
Europe/Skopje,CET,+1:00
Europe/Skopje,CET,+1:00
Europe/Skopje,CEST,+2:00
Europe/Skopje,CEST,+2:00
Europe/Skopje,CEST,+2:00
Europe/Skopje,CET,+1:00
Europe/Belfast,LMT,+0:01
Europe/Belfast,BST,+1:00
Europe/Belfast,GMT,+0:00
Europe/Belfast,BDST,+2:00
Europe/Belfast,BST,+1:00
Europe/Belfast,BST,+1:00
Europe/Belfast,GMT,+0:00
Europe/Belfast,GMT,+0:00
Europe/Belgrade,LMT,+1:22
Europe/Belgrade,CET,+1:00
Europe/Belgrade,CET,+1:00
Europe/Belgrade,CEST,+2:00
Europe/Belgrade,CEST,+2:00
Europe/Belgrade,CEST,+2:00
Europe/Belgrade,CET,+1:00
Europe/Zagreb,LMT,+1:22
Europe/Zagreb,CET,+1:00
Europe/Zagreb,CET,+1:00
Europe/Zagreb,CEST,+2:00
Europe/Zagreb,CEST,+2:00
Europe/Zagreb,CEST,+2:00
Europe/Zagreb,CET,+1:00
Europe/Vilnius,LMT,+1:41
Europe/Vilnius,WMT,+1:24
Europe/Vilnius,KMT,+1:35
Europe/Vilnius,CET,+1:00
Europe/Vilnius,EET,+2:00
Europe/Vilnius,MSK,+3:00
Europe/Vilnius,CET,+1:00
Europe/Vilnius,CEST,+2:00
Europe/Vilnius,CEST,+2:00
Europe/Vilnius,MSD,+4:00
Europe/Vilnius,MSK,+3:00
Europe/Vilnius,MSD,+4:00
Europe/Vilnius,EEST,+3:00
Europe/Vilnius,EET,+2:00
Europe/Vilnius,CEST,+2:00
Europe/Vilnius,CET,+1:00
Europe/Vilnius,EET,+2:00
Europe/Vilnius,EEST,+3:00
Europe/Isle_of_Man,LMT,+0:01
Europe/Isle_of_Man,BST,+1:00
Europe/Isle_of_Man,GMT,+0:00
Europe/Isle_of_Man,BDST,+2:00
Europe/Isle_of_Man,BST,+1:00
Europe/Isle_of_Man,BST,+1:00
Europe/Isle_of_Man,GMT,+0:00
Europe/Isle_of_Man,GMT,+0:00
Europe/Stockholm,SET,+1:00
Europe/Stockholm,CET,+1:00
Europe/Stockholm,CEST,+2:00
Europe/Stockholm,CEST,+2:00
Europe/Stockholm,CET,+1:00
Europe/Busingen,BMT,+0:29
Europe/Busingen,CEST,+2:00
Europe/Busingen,CET,+1:00
Europe/Busingen,CEST,+2:00
Europe/Busingen,CET,+1:00
Europe/Budapest,LMT,+1:16
Europe/Budapest,CEST,+2:00
Europe/Budapest,CET,+1:00
Europe/Budapest,CEST,+2:00
Europe/Budapest,CET,+1:00
Europe/Budapest,CET,+1:00
Europe/Budapest,CEST,+2:00
Europe/Rome,RMT,+0:49
Europe/Rome,CEST,+2:00
Europe/Rome,CET,+1:00
Europe/Rome,CEST,+2:00
Europe/Rome,CET,+1:00
Europe/Rome,CEST,+2:00
Europe/Rome,CET,+1:00
Europe/Kiev,LMT,+2:02
Europe/Kiev,KMT,+2:02
Europe/Kiev,EET,+2:00
Europe/Kiev,MSK,+3:00
Europe/Kiev,CET,+1:00
Europe/Kiev,CEST,+2:00
Europe/Kiev,CEST,+2:00
Europe/Kiev,MSD,+4:00
Europe/Kiev,MSK,+3:00
Europe/Kiev,MSD,+4:00
Europe/Kiev,EEST,+3:00
Europe/Kiev,EEST,+3:00
Europe/Kiev,EET,+2:00
Factory,Local time zone must be set--see zic manual page,+0:00
GB,LMT,+0:01
GB,BST,+1:00
GB,GMT,+0:00
GB,BDST,+2:00
GB,BST,+1:00
GB,BST,+1:00
GB,GMT,+0:00
GB,GMT,+0:00
GB-Eire,LMT,+0:01
GB-Eire,BST,+1:00
GB-Eire,GMT,+0:00
GB-Eire,BDST,+2:00
GB-Eire,BST,+1:00
GB-Eire,BST,+1:00
GB-Eire,GMT,+0:00
GB-Eire,GMT,+0:00
GMT,GMT,+0:00
GMT0,GMT,+0:00
GMT-0,GMT,+0:00
GMT+0,GMT,+0:00
Greenwich,GMT,+0:00
Hongkong,LMT,+7:36
Hongkong,HKST,+9:00
Hongkong,HKT,+8:00
Hongkong,JST,+9:00
Hongkong,HKT,+8:00
HST,HST,-10:00
Iceland,LMT,-1:28
Iceland,ISST,+0:00
Iceland,IST,-1:00
Iceland,IST,-1:00
Iceland,ISST,+0:00
Iceland,GMT,+0:00
Indian/Christmas,CXT,+7:00
Indian/Kerguelen,zzz,+0:00
Indian/Kerguelen,TFT,+5:00
Indian/Mahe,LMT,+3:41
Indian/Mahe,SCT,+4:00
Indian/Chagos,LMT,+4:49
Indian/Chagos,IOT,+5:00
Indian/Chagos,IOT,+6:00
Indian/Maldives,LMT,+4:54
Indian/Maldives,MMT,+4:54
Indian/Maldives,MVT,+5:00
Indian/Reunion,LMT,+3:41
Indian/Reunion,RET,+4:00
Indian/Comoro,LMT,+2:27
Indian/Comoro,EAT,+3:00
Indian/Comoro,BEAT,+2:30
Indian/Comoro,BEAUT,+2:45
Indian/Comoro,EAT,+3:00
Indian/Mayotte,LMT,+2:27
Indian/Mayotte,EAT,+3:00
Indian/Mayotte,BEAT,+2:30
Indian/Mayotte,BEAUT,+2:45
Indian/Mayotte,EAT,+3:00
Indian/Antananarivo,LMT,+2:27
Indian/Antananarivo,EAT,+3:00
Indian/Antananarivo,BEAT,+2:30
Indian/Antananarivo,BEAUT,+2:45
Indian/Antananarivo,EAT,+3:00
Indian/Mauritius,LMT,+3:50
Indian/Mauritius,MUST,+5:00
Indian/Mauritius,MUT,+4:00
Indian/Cocos,CCT,+6:30
Iran,LMT,+3:25
Iran,TMT,+3:25
Iran,IRST,+3:30
Iran,IRDT,+5:00
Iran,IRST,+4:00
Iran,IRDT,+4:30
Iran,IRST,+3:30
Israel,LMT,+2:20
Israel,JMT,+2:20
Israel,IDT,+3:00
Israel,IST,+2:00
Israel,IDDT,+4:00
Israel,IDT,+3:00
Jamaica,LMT,-5:07
Jamaica,KMT,-5:07
Jamaica,EST,-5:00
Jamaica,EDT,-4:00
Japan,JST,+9:00
Japan,JCST,+9:00
Japan,JDT,+10:00
Japan,JST,+9:00
Kwajalein,LMT,+11:09
Kwajalein,MHT,+11:00
Kwajalein,KWAT,-12:00
Kwajalein,MHT,+12:00
Libya,LMT,+0:52
Libya,CEST,+2:00
Libya,CET,+1:00
Libya,EET,+2:00
MET,MEST,+2:00
MET,MET,+1:00
MET,MEST,+2:00
MET,MET,+1:00
Mexico/BajaNorte,LMT,-7:48
Mexico/BajaNorte,MST,-7:00
Mexico/BajaNorte,PST,-8:00
Mexico/BajaNorte,PDT,-7:00
Mexico/BajaNorte,PWT,-7:00
Mexico/BajaNorte,PPT,-7:00
Mexico/BajaSur,LMT,-7:05
Mexico/BajaSur,MST,-7:00
Mexico/BajaSur,CST,-6:00
Mexico/BajaSur,PST,-8:00
Mexico/BajaSur,MDT,-6:00
Mexico/BajaSur,MST,-7:00
Mexico/General,LMT,-6:36
Mexico/General,MST,-7:00
Mexico/General,CST,-6:00
Mexico/General,CDT,-5:00
Mexico/General,CWT,-5:00
MST,MST,-7:00
MST7MDT,MDT,-6:00
MST7MDT,MST,-7:00
MST7MDT,MWT,-6:00
MST7MDT,MPT,-6:00
Navajo,LMT,-6:59
Navajo,MDT,-6:00
Navajo,MST,-7:00
Navajo,MWT,-6:00
Navajo,MPT,-6:00
NZ,LMT,+11:39
NZ,NZST,+12:30
NZ,NZMT,+11:30
NZ,NZST,+12:00
NZ,NZDT,+13:00
NZ,NZST,+12:00
NZ,NZST,+12:00
NZ-CHAT,LMT,+12:13
NZ-CHAT,CHAST,+12:15
NZ-CHAT,CHADT,+13:45
NZ-CHAT,CHAST,+12:45
NZ-CHAT,CHAST,+12:45
Pacific/Fakaofo,LMT,-11:24
Pacific/Fakaofo,TKT,-11:00
Pacific/Fakaofo,TKT,+13:00
Pacific/Noumea,LMT,+11:05
Pacific/Noumea,NCST,+12:00
Pacific/Noumea,NCT,+11:00
Pacific/Noumea,NCST,+12:00
Pacific/Noumea,NCT,+11:00
Pacific/Efate,LMT,+11:13
Pacific/Efate,VUST,+12:00
Pacific/Efate,VUT,+11:00
Pacific/Galapagos,LMT,-5:58
Pacific/Galapagos,ECT,-5:00
Pacific/Galapagos,GALT,-6:00
Pacific/Johnston,LMT,-10:31
Pacific/Johnston,HST,-10:30
Pacific/Johnston,HDT,-9:30
Pacific/Johnston,HST,-10:00
Pacific/Pitcairn,LMT,-8:40
Pacific/Pitcairn,PNT,-8:30
Pacific/Pitcairn,PST,-8:00
Pacific/Marquesas,LMT,-9:18
Pacific/Marquesas,MART,-9:30
Pacific/Guam,LMT,+9:39
Pacific/Guam,GST,+10:00
Pacific/Guam,ChST,+10:00
Pacific/Apia,LMT,+12:33
Pacific/Apia,LMT,-11:26
Pacific/Apia,WSST,-11:30
Pacific/Apia,SDT,-10:00
Pacific/Apia,SST,-11:00
Pacific/Apia,WSST,+13:00
Pacific/Apia,WSDT,+14:00
Pacific/Guadalcanal,LMT,+10:39
Pacific/Guadalcanal,SBT,+11:00
Pacific/Kosrae,LMT,+10:51
Pacific/Kosrae,KOST,+11:00
Pacific/Kosrae,KOST,+12:00
Pacific/Kosrae,KOST,+11:00
Pacific/Bougainville,PMMT,+9:48
Pacific/Bougainville,PGT,+10:00
Pacific/Bougainville,JST,+9:00
Pacific/Bougainville,BST,+11:00
Pacific/Funafuti,TVT,+12:00
Pacific/Niue,LMT,-11:19
Pacific/Niue,NUT,-11:20
Pacific/Niue,NUT,-11:30
Pacific/Niue,NUT,-11:00
Pacific/Kiritimati,LMT,-10:29
Pacific/Kiritimati,LINT,-10:40
Pacific/Kiritimati,LINT,-10:00
Pacific/Kiritimati,LINT,+14:00
Pacific/Nauru,LMT,+11:07
Pacific/Nauru,NRT,+11:30
Pacific/Nauru,JST,+9:00
Pacific/Nauru,NRT,+12:00
Pacific/Chuuk,CHUT,+10:00
Pacific/Enderbury,LMT,-11:24
Pacific/Enderbury,PHOT,-12:00
Pacific/Enderbury,PHOT,-11:00
Pacific/Enderbury,PHOT,+13:00
Pacific/Honolulu,LMT,-10:31
Pacific/Honolulu,HST,-10:30
Pacific/Honolulu,HDT,-9:30
Pacific/Honolulu,HST,-10:00
Pacific/Pohnpei,PONT,+11:00
Pacific/Auckland,LMT,+11:39
Pacific/Auckland,NZST,+12:30
Pacific/Auckland,NZMT,+11:30
Pacific/Auckland,NZST,+12:00
Pacific/Auckland,NZDT,+13:00
Pacific/Auckland,NZST,+12:00
Pacific/Auckland,NZST,+12:00
Pacific/Wake,WAKT,+12:00
Pacific/Gambier,LMT,-8:59
Pacific/Gambier,GAMT,-9:00
Pacific/Easter,LMT,-7:17
Pacific/Easter,EMT,-7:17
Pacific/Easter,EASST,-6:00
Pacific/Easter,EAST,-7:00
Pacific/Easter,EAST,-7:00
Pacific/Easter,EAST,-6:00
Pacific/Easter,EASST,-5:00
Pacific/Easter,EAST,-5:00
Pacific/Midway,LMT,+12:37
Pacific/Midway,LMT,-11:22
Pacific/Midway,NST,-11:00
Pacific/Midway,BST,-11:00
Pacific/Midway,SST,-11:00
Pacific/Majuro,LMT,+11:24
Pacific/Majuro,MHT,+11:00
Pacific/Majuro,MHT,+12:00
Pacific/Wallis,WFT,+12:00
Pacific/Port_Moresby,PGT,+10:00
Pacific/Tongatapu,LMT,+12:19
Pacific/Tongatapu,TOT,+12:20
Pacific/Tongatapu,TOT,+13:00
Pacific/Tongatapu,TOST,+14:00
Pacific/Tongatapu,TOT,+13:00
Pacific/Tongatapu,TOST,+14:00
Pacific/Saipan,LMT,+9:39
Pacific/Saipan,GST,+10:00
Pacific/Saipan,ChST,+10:00
Pacific/Tahiti,LMT,-9:58
Pacific/Tahiti,TAHT,-10:00
Pacific/Norfolk,LMT,+11:11
Pacific/Norfolk,NMT,+11:12
Pacific/Norfolk,NFT,+11:30
Pacific/Yap,CHUT,+10:00
Pacific/Palau,PWT,+9:00
Pacific/Tarawa,GILT,+12:00
Pacific/Fiji,LMT,+11:55
Pacific/Fiji,FJST,+13:00
Pacific/Fiji,FJT,+12:00
Pacific/Pago_Pago,LMT,+12:37
Pacific/Pago_Pago,LMT,-11:22
Pacific/Pago_Pago,NST,-11:00
Pacific/Pago_Pago,BST,-11:00
Pacific/Pago_Pago,SST,-11:00
Pacific/Samoa,LMT,+12:37
Pacific/Samoa,LMT,-11:22
Pacific/Samoa,NST,-11:00
Pacific/Samoa,BST,-11:00
Pacific/Samoa,SST,-11:00
Pacific/Rarotonga,LMT,-10:39
Pacific/Rarotonga,CKT,-10:30
Pacific/Rarotonga,CKT,-10:00
Pacific/Rarotonga,CKHST,-9:30
Pacific/Truk,CHUT,+10:00
Pacific/Ponape,PONT,+11:00
Pacific/Chatham,LMT,+12:13
Pacific/Chatham,CHAST,+12:15
Pacific/Chatham,CHADT,+13:45
Pacific/Chatham,CHAST,+12:45
Pacific/Chatham,CHAST,+12:45
Pacific/Kwajalein,LMT,+11:09
Pacific/Kwajalein,MHT,+11:00
Pacific/Kwajalein,KWAT,-12:00
Pacific/Kwajalein,MHT,+12:00
Poland,LMT,+1:24
Poland,WMT,+1:24
Poland,CEST,+2:00
Poland,CET,+1:00
Poland,CEST,+2:00
Poland,CET,+1:00
Poland,EEST,+3:00
Poland,EET,+2:00
Poland,EET,+2:00
Poland,CEST,+2:00
Poland,CET,+1:00
Portugal,LMT,+0:36
Portugal,WEST,+1:00
Portugal,WET,+0:00
Portugal,WEST,+1:00
Portugal,WET,+0:00
Portugal,WEMT,+2:00
Portugal,CET,+1:00
Portugal,CET,+1:00
Portugal,CEST,+2:00
Portugal,WEST,+1:00
Portugal,WET,+0:00
PRC,LMT,+8:05
PRC,CDT,+9:00
PRC,CST,+8:00
PST8PDT,PDT,-7:00
PST8PDT,PST,-8:00
PST8PDT,PWT,-7:00
PST8PDT,PPT,-7:00
ROC,LMT,+8:06
ROC,JWST,+8:00
ROC,JST,+9:00
ROC,CDT,+9:00
ROC,CST,+8:00
ROK,LMT,+8:27
ROK,KST,+8:30
ROK,JCST,+9:00
ROK,JST,+9:00
ROK,KST,+9:00
ROK,KDT,+9:30
ROK,KDT,+10:00
Singapore,LMT,+6:55
Singapore,SMT,+6:55
Singapore,MALT,+7:00
Singapore,MALST,+7:20
Singapore,MALT,+7:20
Singapore,MALT,+7:30
Singapore,JST,+9:00
Singapore,SGT,+7:30
Singapore,SGT,+8:00
Turkey,LMT,+1:55
Turkey,IMT,+1:56
Turkey,EEST,+3:00
Turkey,EET,+2:00
Turkey,TRST,+4:00
Turkey,TRT,+3:00
Turkey,EEST,+3:00
Turkey,EET,+2:00
Turkey,EEST,+3:00
Turkey,EET,+2:00
UCT,UCT,+0:00
Universal,UTC,+0:00
US/Alaska,LMT,-9:59
US/Alaska,CAT,-10:00
US/Alaska,CAWT,-9:00
US/Alaska,CAPT,-9:00
US/Alaska,AHST,-10:00
US/Alaska,AHDT,-9:00
US/Alaska,YST,-9:00
US/Alaska,AKDT,-8:00
US/Alaska,AKST,-9:00
US/Aleutian,LMT,-11:46
US/Aleutian,NST,-11:00
US/Aleutian,NWT,-10:00
US/Aleutian,NPT,-10:00
US/Aleutian,BST,-11:00
US/Aleutian,BDT,-10:00
US/Aleutian,AHST,-10:00
US/Aleutian,HDT,-9:00
US/Aleutian,HST,-10:00
US/Eastern,LMT,-4:56
US/Eastern,EDT,-4:00
US/Eastern,EST,-5:00
US/Eastern,EWT,-4:00
US/Eastern,EPT,-4:00
US/Indiana-Starke,LMT,-5:46
US/Indiana-Starke,CDT,-5:00
US/Indiana-Starke,CST,-6:00
US/Indiana-Starke,CWT,-5:00
US/Indiana-Starke,CPT,-5:00
US/Indiana-Starke,EST,-5:00
US/Indiana-Starke,CST,-6:00
US/Pacific,LMT,-7:52
US/Pacific,PDT,-7:00
US/Pacific,PST,-8:00
US/Pacific,PWT,-7:00
US/Pacific,PPT,-7:00
US/Pacific-New,LMT,-7:52
US/Pacific-New,PDT,-7:00
US/Pacific-New,PST,-8:00
US/Pacific-New,PWT,-7:00
US/Pacific-New,PPT,-7:00
US/Hawaii,LMT,-10:31
US/Hawaii,HST,-10:30
US/Hawaii,HDT,-9:30
US/Hawaii,HST,-10:00
US/Central,LMT,-5:50
US/Central,CDT,-5:00
US/Central,CST,-6:00
US/Central,EST,-5:00
US/Central,CWT,-5:00
US/Central,CPT,-5:00
US/Central,CST,-6:00
US/East-Indiana,LMT,-5:44
US/East-Indiana,CDT,-5:00
US/East-Indiana,CST,-6:00
US/East-Indiana,CWT,-5:00
US/East-Indiana,CPT,-5:00
US/East-Indiana,EST,-5:00
US/East-Indiana,EDT,-4:00
US/Arizona,LMT,-7:28
US/Arizona,MDT,-6:00
US/Arizona,MST,-7:00
US/Arizona,MWT,-6:00
US/Michigan,LMT,-5:32
US/Michigan,CST,-6:00
US/Michigan,EST,-5:00
US/Michigan,EWT,-4:00
US/Michigan,EPT,-4:00
US/Michigan,EDT,-4:00
US/Mountain,LMT,-6:59
US/Mountain,MDT,-6:00
US/Mountain,MST,-7:00
US/Mountain,MWT,-6:00
US/Mountain,MPT,-6:00
US/Samoa,LMT,+12:37
US/Samoa,LMT,-11:22
US/Samoa,NST,-11:00
US/Samoa,BST,-11:00
US/Samoa,SST,-11:00
UTC,UTC,+0:00
WET,WEST,+1:00
WET,WET,+0:00
W-SU,LMT,+2:30
W-SU,MMT,+2:30
W-SU,MST,+3:31
W-SU,MMT,+2:31
W-SU,MDST,+4:31
W-SU,MSK,+3:00
W-SU,MSD,+4:00
W-SU,MSM,+5:00
W-SU,EET,+2:00
W-SU,MSK,+3:00
W-SU,MSD,+4:00
W-SU,EEST,+3:00
W-SU,EET,+2:00
W-SU,MSK,+4:00
W-SU,MSD,+4:00
W-SU,MSK,+3:00
Zulu,UTC,+0:00
